station_name,line,fact,place_name,place_type,place_description,walking_minutes,activity_category,budget_category
Комсомольская,Кольцевая линия,Открыта 30 января 1952 года. Архитектор Алексей Щусев. Станция посвящена русской воинской славе 1812 года. Одна из самых красивых станций метро в мире.,Казанский вокзал,Транспортный узел,Один из трёх вокзалов Комсомольской площади. Отсюда поезда в Поволжье и на юг России.,3,смотреть,средний
Комсомольская,Кольцевая линия,Открыта 30 января 1952 года. Архитектор Алексей Щусев. Станция посвящена русской воинской славе 1812 года. Одна из самых красивых станций метро в мире.,Ленинградский вокзал,Транспортный узел,Архитектурный памятник в неорусском стиле. Отсюда отправляются поезда «Сапсан» в Санкт-Петербург.,4,смотреть,средний
Комсомольская,Кольцевая линия,Открыта 30 января 1952 года. Архитектор Алексей Щусев. Станция посвящена русской воинской славе 1812 года. Одна из самых красивых станций метро в мире.,Ярославский вокзал,Транспортный узел,Фасад в сказочном русском стиле. Конечная Транссибирской магистрали.,5,смотреть,средний
Комсомольская,Кольцевая линия,Открыта 30 января 1952 года. Архитектор Алексей Щусев. Станция посвящена русской воинской славе 1812 года. Одна из самых красивых станций метро в мире.,Музей истории Московского метро,Музей,Находится в северном вестибюле. Экскурсия по легендарным поездам и документам.,2,смотреть,средний
Комсомольская,Кольцевая линия,Открыта 30 января 1952 года. Архитектор Алексей Щусев. Станция посвящена русской воинской славе 1812 года. Одна из самых красивых станций метро в мире.,Памятник К.П. Рябушинскому,Памятник,Бронзовый купец и меценат работы скульптора А.Н. Бурганова. Встреча у паровоза.,6,смотреть,бесплатно
Комсомольская,Кольцевая линия,Открыта 30 января 1952 года. Архитектор Алексей Щусев. Станция посвящена русской воинской славе 1812 года. Одна из самых красивых станций метро в мире.,Самокат (кофейня рядом с выходом),Кафе,Сетевая кофейня для быстрого кофе перед поездом.,1,есть,дёшево
Курская,Кольцевая линия,Открыта 1 января 1950 года. Архитекторы Г. Захаров и З. Чернышева. Пилоны украшены красным гранитом и мрамором. Названа по Курскому вокзалу.,Курский вокзал,Транспортный узел,Вокзал пригородных электричек и поездов дальнего следования на юг и юго-восток.,2,смотреть,средний
Курская,Кольцевая линия,Открыта 1 января 1950 года. Архитекторы Г. Захаров и З. Чернышева. Пилоны украшены красным гранитом и мрамором. Названа по Курскому вокзалу.,Аптека Карла Феррейна (Маркт),Музей/Кафе,Историческая аптека с отреставрированными интерьерами, витражами и музейными экспонатами. Теперь здесь красивое кафе.,смотреть,средний
Курская,Кольцевая линия,Открыта 1 января 1950 года. Архитекторы Г. Захаров и З. Чернышева. Пилоны украшены красным гранитом и мрамором. Названа по Курскому вокзалу.,Атриум (торговый центр),ТЦ,Крупный ТЦ прямо у выхода из метро. Кинотеатр, фуд-корт,смотреть,средний
Курская,Кольцевая линия,Открыта 1 января 1950 года. Архитекторы Г. Захаров и З. Чернышева. Пилоны украшены красным гранитом и мрамором. Названа по Курскому вокзалу.,Чистые пруды (начало бульвара),Парк/Улица,Начало Чистопрудного бульвара — одного из самых красивых в Москве. Пруд с утками и фонтан.,12,гулять,бесплатно
Курская,Кольцевая линия,Открыта 1 января 1950 года. Архитекторы Г. Захаров и З. Чернышева. Пилоны украшены красным гранитом и мрамором. Названа по Курскому вокзалу.,МХТ им. Чехова,Театр,Легендарный Московский Художественный театр. Сцена на Чистых прудах.,14,смотреть,средний
Курская,Кольцевая линия,Открыта 1 января 1950 года. Архитекторы Г. Захаров и З. Чернышева. Пилоны украшены красным гранитом и мрамором. Названа по Курскому вокзалу.,Театр «Современник»,Театр,Знаменитая сцена на Чистопрудном бульваре. Основан Олегом Ефремовым.,13,смотреть,средний
Киевская,Кольцевая линия,Открыта 14 марта 1954 года. Архитекторы Е. Катонин, В. Катонин и другие. Оформление посвящено дружбе России и Украины. Мозаичные панно, роскошные люстры.,Киевский вокзал,Транспортный узел,другое,средний
Киевская,Кольцевая линия,Открыта 14 марта 1954 года. Архитекторы Е. Катонин, В. Катонин и другие. Оформление посвящено дружбе России и Украины. Мозаичные панно, роскошные люстры.,Площадь Европы,Достопримечательность,другое,средний
Киевская,Кольцевая линия,Открыта 14 марта 1954 года. Архитекторы Е. Катонин, В. Катонин и другие. Оформление посвящено дружбе России и Украины. Мозаичные панно, роскошные люстры.,Бородинская панорама,Музей,другое,средний
Киевская,Кольцевая линия,Открыта 14 марта 1954 года. Архитекторы Е. Катонин, В. Катонин и другие. Оформление посвящено дружбе России и Украины. Мозаичные панно, роскошные люстры.,Музей «Кутузовская изба»,Музей,другое,средний
Киевская,Кольцевая линия,Открыта 14 марта 1954 года. Архитекторы Е. Катонин, В. Катонин и другие. Оформление посвящено дружбе России и Украины. Мозаичные панно, роскошные люстры.,ТРЦ «Европейский»,ТЦ,другое,средний
Киевская,Кольцевая линия,Открыта 14 марта 1954 года. Архитекторы Е. Катонин, В. Катонин и другие. Оформление посвящено дружбе России и Украины. Мозаичные панно, роскошные люстры.,Набережная Тараса Шевченко,Улица/Набережная,другое,средний
Краснопресненская,Кольцевая линия,Открыта 14 марта 1954 года. Архитекторы В. Егерев и другие. Станция посвящена революции 1905-1907 годов. Мозаика и красные тона.,Московский зоопарк,Зоопарк,Один из старейших зоопарков Европы. Более 1000 видов животных. Вход рядом с выходом из метро.,8,смотреть,средний
Краснопресненская,Кольцевая линия,Открыта 14 марта 1954 года. Архитекторы В. Егерев и другие. Станция посвящена революции 1905-1907 годов. Мозаика и красные тона.,Планетарий,Музей/Культура,Московский планетарий — один из крупнейших в мире. Полнокупольные шоу и обсерватория.,10,смотреть,средний
Краснопресненская,Кольцевая линия,Открыта 14 марта 1954 года. Архитекторы В. Егерев и другие. Станция посвящена революции 1905-1907 годов. Мозаика и красные тона.,Башня 2000 (Москва-Сити),Панорама,Пешеходный мост Багратион. Вид на Москву-Сити и набережную.,12,смотреть,средний
Краснопресненская,Кольцевая линия,Открыта 14 марта 1954 года. Архитекторы В. Егерев и другие. Станция посвящена революции 1905-1907 годов. Мозаика и красные тона.,Красная Пресня (музей революции),Музей,Музей «Красная Пресня» — филиал Музея современной истории России.,5,смотреть,средний
Краснопресненская,Кольцевая линия,Открыта 14 марта 1954 года. Архитекторы В. Егерев и другие. Станция посвящена революции 1905-1907 годов. Мозаика и красные тона.,Улица Большая Грузинская,Улица,Одна из красивых московских улиц. Много ресторанов кавказской кухни.,3,гулять,бесплатно
Краснопресненская,Кольцевая линия,Открыта 14 марта 1954 года. Архитекторы В. Егерев и другие. Станция посвящена революции 1905-1907 годов. Мозаика и красные тона.,Аквариум «Москвариум»,Океанариум,Часть ВДНХ, но близко к метро. Шоу с касатками и дельфинами.,смотреть,дорого
Краснопресненская,Кольцевая линия,Открыта 14 марта 1954 года. Архитекторы В. Егерев и другие. Станция посвящена революции 1905-1907 годов. Мозаика и красные тона.,Кафе «АндерСон»,Кафе,Семейное кафе с детской комнатой и необычными десертами.,6,есть,дёшево
Парк культуры,Кольцевая линия,Открыта 1 января 1950 года. Архитекторы И. Рожин и Г. Сукоян. Пилоны декорированы лепниной на тему советского досуга пионеров и спортсменов.,Парк Горького,Парк,Главное место отдыха москвичей. Набережная, лекторий,гулять,бесплатно
Парк культуры,Кольцевая линия,Открыта 1 января 1950 года. Архитекторы И. Рожин и Г. Сукоян. Пилоны декорированы лепниной на тему советского досуга пионеров и спортсменов.,Нескучный сад,Парк,Старейший парк Москвы. Усадьба «Александрино», зелёные холмы и вид на реку.,гулять,бесплатно
Парк культуры,Кольцевая линия,Открыта 1 января 1950 года. Архитекторы И. Рожин и Г. Сукоян. Пилоны декорированы лепниной на тему советского досуга пионеров и спортсменов.,Музей современного искусства «Гараж»,Музей,Современное искусство в здании ресторана советского времени. Лекции, выставки,смотреть,средний
Парк культуры,Кольцевая линия,Открыта 1 января 1950 года. Архитекторы И. Рожин и Г. Сукоян. Пилоны декорированы лепниной на тему советского досуга пионеров и спортсменов.,Крымский мост (пешеходный),Мост,Пешеходный вантовый мост через Москву-реку. Соединяет Парк Горького и Музеон.,4,смотреть,бесплатно
Парк культуры,Кольцевая линия,Открыта 1 января 1950 года. Архитекторы И. Рожин и Г. Сукоян. Пилоны декорированы лепниной на тему советского досуга пионеров и спортсменов.,Центральный Дом художника (ЦДХ),Выставочный зал,Здание Новой Третьяковки. Выставки современного искусства и ярмарки.,7,смотреть,средний
Октябрьская,Кольцевая линия,Открыта 5 января 1950 года. Архитектор Л. Поляков. Оформлена с использованием красного мрамора и керамических панно с революционной символикой.,Новая Третьяковка,Музей,Крупнейшее собрание русского искусства XX века и современного. Авангард и соцарт.,12,смотреть,средний
Октябрьская,Кольцевая линия,Открыта 5 января 1950 года. Архитектор Л. Поляков. Оформлена с использованием красного мрамора и керамических панно с революционной символикой.,Калужская площадь (фонтан «Мальчик с рыбой»),Памятник/Фонтан,Изящный фонтан высотой 8.5 метров. Популярное место для встреч.,4,другое,средний
Октябрьская,Кольцевая линия,Открыта 5 января 1950 года. Архитектор Л. Поляков. Оформлена с использованием красного мрамора и керамических панно с революционной символикой.,Парк искусств «Музеон»,Парк,Сад скульптур. Бюсты советских вождей и современные инсталляции.,10,гулять,бесплатно
Октябрьская,Кольцевая линия,Открыта 5 января 1950 года. Архитектор Л. Поляков. Оформлена с использованием красного мрамора и керамических панно с революционной символикой.,Ленинский проспект (начало),Улица,Главная магистраль Москвы. Архитектура сталинских высоток.,3,гулять,бесплатно
Октябрьская,Кольцевая линия,Открыта 5 января 1950 года. Архитектор Л. Поляков. Оформлена с использованием красного мрамора и керамических панно с революционной символикой.,Театр «Ленком Марка Захарова»,Театр,Легендарный театр на Малой Дмитровке (ближе к Чеховской, но пешком 14 мин).,смотреть,средний
Таганская,Кольцевая линия,Открыта 1 января 1950 года. Архитекторы К. Рыжков и А. Медведев. Сине-голубая керамика и панно «Слава труду». Названа по Таганской площади.,Театр на Таганке,Театр,Легендарный театр Владимира Высоцкого и Юрия Любимова. Музей Высоцкого рядом.,4,смотреть,средний
Таганская,Кольцевая линия,Открыта 1 января 1950 года. Архитекторы К. Рыжков и А. Медведев. Сине-голубая керамика и панно «Слава труду». Названа по Таганской площади.,Музей Высоцкого,Музей,Государственный музей Владимира Высоцкого. Фотографии, личные вещи,смотреть,средний
Таганская,Кольцевая линия,Открыта 1 января 1950 года. Архитекторы К. Рыжков и А. Медведев. Сине-голубая керамика и панно «Слава труду». Названа по Таганской площади.,Таганский парк,Парк,Небольшой уютный парк с фонтаном и катком. Был реконструирован в 2018 году.,2,гулять,бесплатно
Таганская,Кольцевая линия,Открыта 1 января 1950 года. Архитекторы К. Рыжков и А. Медведев. Сине-голубая керамика и панно «Слава труду». Названа по Таганской площади.,Бункер-42 (на Таганке),Музей,Музей холодной войны. Секретный бункер связи на глубине 65 метров.,10,смотреть,средний
Таганская,Кольцевая линия,Открыта 1 января 1950 года. Архитекторы К. Рыжков и А. Медведев. Сине-голубая керамика и панно «Слава труду». Названа по Таганской площади.,Памятник Высоцкому,Памятник,Памятник на Страстном бульваре (ближе к Пушкинской, но популярен).,смотреть,бесплатно
Павелецкая,Кольцевая линия,Открыта 1 января 1950 года. Архитекторы С. Каринский и В. Каринская. Мрамор и пилоны с изображениями зданий. Названа по Павелецкому вокзалу.,Павелецкий вокзал,Транспортный узел,Отсюда отправляются аэроэкспрессы в аэропорт Домодедово.,2,смотреть,средний
Павелецкая,Кольцевая линия,Открыта 1 января 1950 года. Архитекторы С. Каринский и В. Каринская. Мрамор и пилоны с изображениями зданий. Названа по Павелецкому вокзалу.,Шлюзовая набережная,Набережная,Прогулка вдоль Водоотводного канала. Красивый вид на Кремль и парк Зарядье.,7,гулять,бесплатно
Павелецкая,Кольцевая линия,Открыта 1 января 1950 года. Архитекторы С. Каринский и В. Каринская. Мрамор и пилоны с изображениями зданий. Названа по Павелецкому вокзалу.,Парк «Садовники»,Парк,Спокойный парк с прудами и утками. Хорош для неспешных прогулок.,12,гулять,бесплатно
Павелецкая,Кольцевая линия,Открыта 1 января 1950 года. Архитекторы С. Каринский и В. Каринская. Мрамор и пилоны с изображениями зданий. Названа по Павелецкому вокзалу.,Клуб «16 тонн»,Кафе/Клуб,Легендарное музыкальное место. Ресторан и живая музыка вечером.,8,другое,средний
Достоевская,Кольцевая линия,Открыта в 2010 году (последняя на Кольцевой). Архитекторы: Л. Попов, С. Костиков. Оформление в чёрно-белых тонах со сценами из романов Достоевского.,Театр «Современник»,Театр,Легендарный театр Галины Волчек и Олега Ефремова. Билеты раскупают за месяц.,другое,средний
Достоевская,Кольцевая линия,Открыта в 2010 году (последняя на Кольцевой). Архитекторы: Л. Попов, С. Костиков. Оформление в чёрно-белых тонах со сценами из романов Достоевского.,Цветной бульвар,Улица,Один из старейших бульваров Москвы. Магазины,другое,средний
Достоевская,Кольцевая линия,Открыта в 2010 году (последняя на Кольцевой). Архитекторы: Л. Попов, С. Костиков. Оформление в чёрно-белых тонах со сценами из романов Достоевского.,Московский цирк Никулина,Цирк,Знаменитый цирк на Цветном бульваре. Старейший стационарный цирк России.,другое,средний
Достоевская,Кольцевая линия,Открыта в 2010 году (последняя на Кольцевой). Архитекторы: Л. Попов, С. Костиков. Оформление в чёрно-белых тонах со сценами из романов Достоевского.,Фонтан «Достоевский»,Памятник/Фонтан,Необычная стела с цитатами из романов писателя. Подсветка в суровых тонах.,другое,средний
Достоевская,Кольцевая линия,Открыта в 2010 году (последняя на Кольцевой). Архитекторы: Л. Попов, С. Костиков. Оформление в чёрно-белых тонах со сценами из романов Достоевского.,Храм Святителя Николая в Новой Слободе,Храм,Красивый православный храм в неорусском стиле. Ближе к станции Новослободская.,другое,средний
Бульвар Рокоссовского,Сокольническая линия,Открыта в 1990 году. Названа в честь маршала К.К. Рокоссовского. Архитекторы Л.Л. Борзенков и др..Аллея героев-панфиловцев,Парк/Мемориал,Мемориальная аллея в память о героях Великой Отечественной войны в районе метро.,5,,другое,средний
Бульвар Рокоссовского,Сокольническая линия,Открыта в 1990 году. Названа в честь маршала К.К. Рокоссовского. Архитекторы Л.Л. Борзенков и др.,Главная аллея парка «Сокольники» (восточный вход),Парк,Вход в огромный парк Сокольники. Отсюда можно уйти в лесопарковую зону.,7,гулять,бесплатно
Бульвар Рокоссовского,Сокольническая линия,Открыта в 1990 году. Названа в честь маршала К.К. Рокоссовского. Архитекторы Л.Л. Борзенков и др.,ТЦ «Бульвар»,ТЦ,Торговый центр рядом с метро. Магазины и фуд-корт.,3,смотреть,средний
Черкизовская,Сокольническая линия,Открыта в 1990 году. Название от бывшего села Черкизово. Архитекторы В.А. Черёмин и А.Л. Вигдоров.,Черкизовский пруд,Парк,Большой пруд с утками и зона для прогулок. Летом лодочная станция.,4,гулять,бесплатно
Черкизовская,Сокольническая линия,Открыта в 1990 году. Название от бывшего села Черкизово. Архитекторы В.А. Черёмин и А.Л. Вигдоров.,Стадион «Локомотив» (РЖД Арена),Стадион,Домашний стадион футбольного клуба Локомотив. Есть музей клуба.,8,смотреть,средний
Черкизовская,Сокольническая линия,Открыта в 1990 году. Название от бывшего села Черкизово. Архитекторы В.А. Черёмин и А.Л. Вигдоров.,ТЦ «Город»,ТЦ,Огромный торговый комплекс с кинотеатром и ресторанами.,2,смотреть,средний
Преображенская площадь,Сокольническая линия,Открыта в 1965 году. Название от Преображенского полка и площади. Архитекторы Н.И. Демчинский и Л.М. Павлов.,Преображенский собор,Храм,Храм Преображения Господня в стиле раннего классицизма. Святыня XVII века.,6,смотреть,бесплатно
Преображенская площадь,Сокольническая линия,Открыта в 1965 году. Название от Преображенского полка и площади. Архитекторы Н.И. Демчинский и Л.М. Павлов.,Преображенский рынок,Рынок,Один из старейших рынков Москвы. Фермерские продукты и восточные сладости.,3,есть,средний
Преображенская площадь,Сокольническая линия,Открыта в 1965 году. Название от Преображенского полка и площади. Архитекторы Н.И. Демчинский и Л.М. Павлов.,Парк «Преображенское»,Парк,Небольшой парк у Яузы с детской площадкой и воркаутом.,5,гулять,бесплатно
Сокольники,Сокольническая линия,Открыта 15 мая 1935 года — одна из первых станций метро. Архитекторы И.Г. Таранов и Н.А. Быкова. Названа по парку «Сокольники».,Парк «Сокольники»,Парк,Огромная зеленая зона для отдыха. Лыжероллерная трасса, контактный зоопарк,гулять,бесплатно
Сокольники,Сокольническая линия,Открыта 15 мая 1935 года — одна из первых станций метро. Архитекторы И.Г. Таранов и Н.А. Быкова. Названа по парку «Сокольники».,Дворец спорта «Сокольники»,Спорткомплекс,Крытая ледовая арена и место для концертов и выставок.,6,смотреть,средний
Сокольники,Сокольническая линия,Открыта 15 мая 1935 года — одна из первых станций метро. Архитекторы И.Г. Таранов и Н.А. Быкова. Названа по парку «Сокольники».,Фонтан «Мальчик с рыбой» (у главного входа),Памятник/Фонтан,Знаменитый фонтан в парке. Место встреч и фотосессий.,4,другое,средний
Сокольники,Сокольническая линия,Открыта 15 мая 1935 года — одна из первых станций метро. Архитекторы И.Г. Таранов и Н.А. Быкова. Названа по парку «Сокольники».,Культурный центр «Сокольники»,Выставочный центр,Выставочный центр с постоянными ярмарками и событиями.,7,другое,средний
Красносельская,Сокольническая линия,Открыта 15 мая 1935 года. Одна из первых станций. Архитекторы Б.С. Виленский и В.А. Ершов. Названа по Красному Селу.,Красносельский пруд,Парк,Небольшой пруд с фонтаном. Уютное место для отдыха в центре.,4,гулять,бесплатно
Красносельская,Сокольническая линия,Открыта 15 мая 1935 года. Одна из первых станций. Архитекторы Б.С. Виленский и В.А. Ершов. Названа по Красному Селу.,Вернисаж в Измайлово,Рынок,Блошиный рынок и ярмарка ремесел. Сувениры и старинные вещи.,12,есть,средний
Красносельская,Сокольническая линия,Открыта 15 мая 1935 года. Одна из первых станций. Архитекторы Б.С. Виленский и В.А. Ершов. Названа по Красному Селу.,Аптека №1 (историческое здание),Достопримечательность,Старинное здание в стиле модерн. Внутри музей.,5,смотреть,средний
Комсомольская,Сокольническая линия,Открыта 15 мая 1935 года. Одна из первых станций. Архитектор Д.Н. Чечулин. Названа в честь комсомола.,Казанский вокзал,Транспортный узел,Один из трех вокзалов Комсомольской площади.,2,смотреть,средний
Комсомольская,Сокольническая линия,Открыта 15 мая 1935 года. Одна из первых станций. Архитектор Д.Н. Чечулин. Названа в честь комсомола.,Ленинградский вокзал,Транспортный узел,Архитектурный памятник. Поезда в Санкт-Петербург.,3,смотреть,средний
Комсомольская,Сокольническая линия,Открыта 15 мая 1935 года. Одна из первых станций. Архитектор Д.Н. Чечулин. Названа в честь комсомола.,Ярославский вокзал,Транспортный узел,Сказочный фасад. Конечная Транссиба.,5,смотреть,средний
Комсомольская,Сокольническая линия,Открыта 15 мая 1935 года. Одна из первых станций. Архитектор Д.Н. Чечулин. Названа в честь комсомола.,Музей истории Московского метро,Музей,Экскурсия в историю. Находится в вестибюле станции.,1,смотреть,средний
Красные Ворота,Сокольническая линия,Открыта 15 мая 1935 года. Архитектор И.А. Фомин. Названа по Красным воротам (снесены в 1927).,Красные ворота (памятный знак),Памятник,Место, где стояла триумфальная арка XVIII века. Остался только знак.,смотреть,бесплатно
Красные Ворота,Сокольническая линия,Открыта 15 мая 1935 года. Архитектор И.А. Фомин. Названа по Красным воротам (снесены в 1927).,Садовое кольцо (пересечение с Каланчёвской),Улица,Крупный транспортный узел. Архитектура сталинского времени.,1,гулять,бесплатно
Красные Ворота,Сокольническая линия,Открыта 15 мая 1935 года. Архитектор И.А. Фомин. Названа по Красным воротам (снесены в 1927).,МФЮА (университет),Учебное заведение,Знаменитое здание в стиле конструктивизма.,5,смотреть,средний
Красные Ворота,Сокольническая линия,Открыта 15 мая 1935 года. Архитектор И.А. Фомин. Названа по Красным воротам (снесены в 1927).,Сквер у Красных ворот,Парк,Небольшой сквер с фонтаном. Летом работает киоск с мороженым.,2,гулять,бесплатно
Чистые пруды,Сокольническая линия,Открыта 15 мая 1935 года. Архитекторы Н.Я. Колли и Л.М. Поляков. Названа по Чистопрудному бульвару.,Чистопрудный бульвар,Улица/Парк,Один из красивейших бульваров Москвы. Пруд с утками, кафе,гулять,средний
Чистые пруды,Сокольническая линия,Открыта 15 мая 1935 года. Архитекторы Н.Я. Колли и Л.М. Поляков. Названа по Чистопрудному бульвару.,МХТ им. Чехова,Театр,Легендарный Московский Художественный театр. Сцена на Чистых прудах.,6,смотреть,средний
Чистые пруды,Сокольническая линия,Открыта 15 мая 1935 года. Архитекторы Н.Я. Колли и Л.М. Поляков. Названа по Чистопрудному бульвару.,Театр «Современник»,Театр,Известный театр на Чистопрудном бульваре. Основан Олегом Ефремовым.,5,смотреть,средний
Чистые пруды,Сокольническая линия,Открыта 15 мая 1935 года. Архитекторы Н.Я. Колли и Л.М. Поляков. Названа по Чистопрудному бульвару.,Фонтан на Чистопрудном,Фонтан,Красивый светомузыкальный фонтан в центре пруда.,2,смотреть,бесплатно
Чистые пруды,Сокольническая линия,Открыта 15 мая 1935 года. Архитекторы Н.Я. Колли и Л.М. Поляков. Названа по Чистопрудному бульвару.,Кафе «Хлеб и Соль»,Кафе,Уютная пекарня с отличными круассанами и кофе.,4,есть,дёшево
Лубянка,Сокольническая линия,Открыта 15 мая 1935 года. Изначально «Дзержинская». Архитекторы Н.А. Ладовский и др.,Центральный детский магазин (ЦДМ),ТЦ/Музей,Культовое место советских детей. Музей детства, механические часы,другое,средний
Лубянка,Сокольническая линия,Открыта 15 мая 1935 года. Изначально «Дзержинская». Архитекторы Н.А. Ладовский и др.,Памятник Ф.Э. Дзержинскому,Памятник,Возвращён в 2023 году на Лубянскую площадь. Исторический жест.,1,смотреть,бесплатно
Лубянка,Сокольническая линия,Открыта 15 мая 1935 года. Изначально «Дзержинская». Архитекторы Н.А. Ладовский и др.,Никольская улица,Улица,Пешеходная улица. Рестораны, магазины,гулять,бесплатно
Лубянка,Сокольническая линия,Открыта 15 мая 1935 года. Изначально «Дзержинская». Архитекторы Н.А. Ладовский и др.,Театр Et Cetera,Театр,Театр п/р Александра Калягина. Современная драма.,8,смотреть,средний
Охотный Ряд,Сокольническая линия,Открыта 15 мая 1935 года. Одна из первых станций. Название от Охотного ряда (торговля дичью).,Красная площадь,Достопримечательность,Главная площадь страны. Собор Василия Блаженного, ГУМ,смотреть,средний
Охотный Ряд,Сокольническая линия,Открыта 15 мая 1935 года. Одна из первых станций. Название от Охотного ряда (торговля дичью).,ГУМ (Главный универсальный магазин),ТЦ/Достопримечательность,Знаменитый универмаг на Красной площади. Фонтаны, кафе,другое,средний
Охотный Ряд,Сокольническая линия,Открыта 15 мая 1935 года. Одна из первых станций. Название от Охотного ряда (торговля дичью).,Большой театр,Театр,Главный театр России. Балет и опера. Историческое здание.,5,смотреть,средний
Охотный Ряд,Сокольническая линия,Открыта 15 мая 1935 года. Одна из первых станций. Название от Охотного ряда (торговля дичью).,Площадь Революции,Площадь,Скульптуры. У выхода к Кремлю и Александровскому саду.,4,смотреть,бесплатно
Охотный Ряд,Сокольническая линия,Открыта 15 мая 1935 года. Одна из первых станций. Название от Охотного ряда (торговля дичью).,Воскресенские ворота,Памятник,Двойные ворота Китай-города. Пешеходный путь к Красной площади.,9,смотреть,бесплатно
Охотный Ряд,Сокольническая линия,Открыта 15 мая 1935 года. Одна из первых станций. Название от Охотного ряда (торговля дичью).,Музей ВОВ на Поклонной горе (туда лучше на такси),Музей,Но отсюда можно доехать. Сам музей — 12 мин на такси.,15 (транспорт),смотреть,средний
Библиотека им. Ленина,Сокольническая линия,Открыта 15 мая 1935 года. Архитекторы А.В. Щусев и В.Г. Гельфрейх. Названа по РГБ.,Российская государственная библиотека (Ленинка),Библиотека,Крупнейшая библиотека России. Экскурсии в книгохранилище.,2,другое,средний
Библиотека им. Ленина,Сокольническая линия,Открыта 15 мая 1935 года. Архитекторы А.В. Щусев и В.Г. Гельфрейх. Названа по РГБ.,Александровский сад,Парк,Идеальное место для прогулки у стен Кремля. Могила Неизвестного Солдата.,3,гулять,бесплатно
Библиотека им. Ленина,Сокольническая линия,Открыта 15 мая 1935 года. Архитекторы А.В. Щусев и В.Г. Гельфрейх. Названа по РГБ.,Манежная площадь,Площадь,Фонтаны и скульптуры. Подземный музей «Зарядье» недалеко.,4,смотреть,бесплатно
Библиотека им. Ленина,Сокольническая линия,Открыта 15 мая 1935 года. Архитекторы А.В. Щусев и В.Г. Гельфрейх. Названа по РГБ.,Мавзолей Ленина,Памятник/Музей,Открыт в определённые часы. Историческая достопримечательность.,7,другое,средний
Библиотека им. Ленина,Сокольническая линия,Открыта 15 мая 1935 года. Архитекторы А.В. Щусев и В.Г. Гельфрейх. Названа по РГБ.,Охотный ряд (ТЦ под землей),ТЦ,Подземный ТЦ под Манежной площадью. Еда, магазины,смотреть,средний
Кропоткинская,Сокольническая линия,Открыта 15 мая 1935 года. Архитектор А.Н. Душкин. Колонны-связки в стиле египетских храмов.,Храм Христа Спасителя,Храм,Главный кафедральный собор. Восстановлен в 2000-х. Набережная.,3,смотреть,бесплатно
Кропоткинская,Сокольническая линия,Открыта 15 мая 1935 года. Архитектор А.Н. Душкин. Колонны-связки в стиле египетских храмов.,Музей изобразительных искусств им. Пушкина (ГМИИ),Музей,Крупнейший музей зарубежного искусства. Египет, Греция,смотреть,средний
Кропоткинская,Сокольническая линия,Открыта 15 мая 1935 года. Архитектор А.Н. Душкин. Колонны-связки в стиле египетских храмов.,Пречистенка,Улица,Улица старинной архитектуры. Особняки, музеи,гулять,бесплатно
Кропоткинская,Сокольническая линия,Открыта 15 мая 1935 года. Архитектор А.Н. Душкин. Колонны-связки в стиле египетских храмов.,Парк Горького (вход в сторону Нескучного сада),Парк,Через реку по Патриаршему мосту — вход в Парк Горького.,8,гулять,бесплатно
Кропоткинская,Сокольническая линия,Открыта 15 мая 1935 года. Архитектор А.Н. Душкин. Колонны-связки в стиле египетских храмов.,Музей-квартира А.С. Пушкина,Музей,Мемориальный музей Пушкина на Арбате. Ближе к Смоленской.,12,смотреть,средний
Парк культуры,Сокольническая линия,Открыта 15 мая 1935 года. Сначала конечная. Название от Парка Горького.,Парк Горького (главный вход),Парк,Главные ворота. Набережная, качели,гулять,бесплатно
Парк культуры,Сокольническая линия,Открыта 15 мая 1935 года. Сначала конечная. Название от Парка Горького.,Музей современного искусства «Гараж»,Музей,Современное искусство в здании советского ресторана.,5,смотреть,средний
Парк культуры,Сокольническая линия,Открыта 15 мая 1935 года. Сначала конечная. Название от Парка Горького.,Нескучный сад,Парк,Дикая часть парка. Шашлыки, лес,гулять,бесплатно
Парк культуры,Сокольническая линия,Открыта 15 мая 1935 года. Сначала конечная. Название от Парка Горького.,Крымский мост (пешеходный),Мост,Вантовый мост. Вид на парк и реку.,4,смотреть,бесплатно
Парк культуры,Сокольническая линия,Открыта 15 мая 1935 года. Сначала конечная. Название от Парка Горького.,Голицынский пруд,Парк,Лодочная станция. Утки и лебеди.,3,гулять,бесплатно
Фрунзенская,Сокольническая линия,Открыта в 1957 году. Архитекторы Р.Г. Панков и В.В. Лебедев. Названа в честь командира М.В. Фрунзе.,Усадьба Хамовники (музей Л.Н. Толстого),Музей,Дом-музей Л.Н. Толстого. Интерьеры XIX века.,7,смотреть,средний
Фрунзенская,Сокольническая линия,Открыта в 1957 году. Архитекторы Р.Г. Панков и В.В. Лебедев. Названа в честь командира М.В. Фрунзе.,Сквер с фонтаном на Комсомольском проспекте,Парк,Небольшой сквер с фонтаном. Место для отдыха.,3,гулять,бесплатно
Фрунзенская,Сокольническая линия,Открыта в 1957 году. Архитекторы Р.Г. Панков и В.В. Лебедев. Названа в честь командира М.В. Фрунзе.,Бульвар на улице Хамовнический Вал,Улица,Прогулочная зона вдоль улицы.,5,гулять,бесплатно
Спортивная,Сокольническая линия,Открыта в 1957 году. Архитекторы Н.И. Демчинский и др. Названа из-за близости к Лужникам.,Стадион «Лужники»,Стадион,Главная арена страны. Финал ЧМ-2018. Красивый парк вокруг.,3,смотреть,средний
Спортивная,Сокольническая линия,Открыта в 1957 году. Архитекторы Н.И. Демчинский и др. Названа из-за близости к Лужникам.,Воробьёвы горы (смотровая площадка),Панорама,Лучший вид на Москву. Университет и река.,8,смотреть,средний
Спортивная,Сокольническая линия,Открыта в 1957 году. Архитекторы Н.И. Демчинский и др. Названа из-за близости к Лужникам.,Новодевичий монастырь,Храм/Музей,Женский монастырь XVI века. Кладбище знаменитостей.,10,другое,средний
Спортивная,Сокольническая линия,Открыта в 1957 году. Архитекторы Н.И. Демчинский и др. Названа из-за близости к Лужникам.,Парк «Воробьевы горы»,Парк,Канатная дорога через Москву-реку. Летом — зиплайн.,7,гулять,бесплатно
Спортивная,Сокольническая линия,Открыта в 1957 году. Архитекторы Н.И. Демчинский и др. Названа из-за близости к Лужникам.,Фонтан у Дворца спорта «Лужники»,Фонтан,Большой фонтан. Место встреч.,4,смотреть,бесплатно
Воробьёвы горы,Сокольническая линия,Открыта в 1959 году. Единственная станция на мосту через Москву-реку. Архитекторы Н.И. Демчинский и др.,Смотровая площадка Воробьёвы горы,Панорама,Лучшая панорама Москвы. Вышка МГУ и город.,1,смотреть,средний
Воробьёвы горы,Сокольническая линия,Открыта в 1959 году. Единственная станция на мосту через Москву-реку. Архитекторы Н.И. Демчинский и др.,МГУ им. Ломоносова (главное здание),Высшее учебное заведение,Сталинская высотка. Экскурсии внутри.,12,другое,средний
Воробьёвы горы,Сокольническая линия,Открыта в 1959 году. Единственная станция на мосту через Москву-реку. Архитекторы Н.И. Демчинский и др.,Канатная дорога (канатка),Развлечение,Канатка через реку к Лужникам. Панорама колокольни.,4,другое,средний
Воробьёвы горы,Сокольническая линия,Открыта в 1959 году. Единственная станция на мосту через Москву-реку. Архитекторы Н.И. Демчинский и др.,Экотропа Воробьёвы горы,Парк,Прогулка по лесу вдоль реки.,2,гулять,бесплатно
Университет,Сокольническая линия,Открыта в 1959 году. Архитекторы Л.В. Лилье и др.,Ботанический сад МГУ «Аптекарский огород»,Ботанический сад,Старейший ботанический сад России. Пионы и лотосы.,6,смотреть,средний
Университет,Сокольническая линия,Открыта в 1959 году. Архитекторы Л.В. Лилье и др.,Мичуринский проспект,Улица,Широкая улица с современными зданиями.,3,гулять,бесплатно
Университет,Сокольническая линия,Открыта в 1959 году. Архитекторы Л.В. Лилье и др.,Студенческая площадь,Площадь,Фонтан. Студенческая жизнь.,2,смотреть,бесплатно
Университет,Сокольническая линия,Открыта в 1959 году. Архитекторы Л.В. Лилье и др.,Московский дворец молодежи (МДМ),Театр/Выставка,Мюзиклы, концерты,другое,средний
Проспект Вернадского,Сокольническая линия,Открыта в 1963 году. Архитекторы А.В. Чичуев и др.,Нескучный сад (Теплая часть),Парк,Прогулки, ротонды.,гулять,бесплатно
Проспект Вернадского,Сокольническая линия,Открыта в 1963 году. Архитекторы А.В. Чичуев и др.,Улица Вернадского,Улица,Зеленые скверы, институты.,гулять,бесплатно
Проспект Вернадского,Сокольническая линия,Открыта в 1963 году. Архитекторы А.В. Чичуев и др.,Кафе «Шоколадница» (рядом с выходом),Кафе,Кофе и десерты. Уютно.,1,есть,дёшево
Юго-Западная,Сокольническая линия,Открыта в 1963 году. Архитекторы Я.В. Татаржинская и др.,Ботанический сад «Аптекарский огород» (ближе к Проспекту, но пешком),Ботанический сад,Можно дойти за 12 минут.,другое,средний
Юго-Западная,Сокольническая линия,Открыта в 1963 году. Архитекторы Я.В. Татаржинская и др.,Улица Покрышкина,Улица,Современная застройка, парки.,гулять,бесплатно
Юго-Западная,Сокольническая линия,Открыта в 1963 году. Архитекторы Я.В. Татаржинская и др.,ТЦ «Рио» на Ленинском,ТЦ,Крупный ТЦ, кинотеатр.,смотреть,средний
Тропарёво,Сокольническая линия,Открыта в 2014 году. Архитекторы Н.И. Шумаков и др.,Тропарёвский парк,Парк,Большой лесопарк. Пруды, детские площадки.,гулять,бесплатно
Тропарёво,Сокольническая линия,Открыта в 2014 году. Архитекторы Н.И. Шумаков и др.,Храм Архангела Михаила в Тропарёве,Храм,Старинный храм XVII века.,6,смотреть,бесплатно
Тропарёво,Сокольническая линия,Открыта в 2014 году. Архитекторы Н.И. Шумаков и др.,Ледовый дворец «Тропарёво»,Спорткомплекс,Каток с искусственным льдом.,5,смотреть,средний
Румянцево,Сокольническая линия,Открыта в 2016 году. Первая станция за МКАД. Архитекторы Л.Л. Борзенков и др.,Бизнес-парк «Румянцево»,Офисный парк,Современные офисы и кафе.,3,другое,средний
Румянцево,Сокольническая линия,Открыта в 2016 году. Первая станция за МКАД. Архитекторы Л.Л. Борзенков и др.,Парк «Румянцево»,Парк,Небольшой парк с фонтаном.,5,гулять,бесплатно
Румянцево,Сокольническая линия,Открыта в 2016 году. Первая станция за МКАД. Архитекторы Л.Л. Борзенков и др.,ТЦ «Саларис»,ТЦ,Огромный ТЦ. Кино, рестораны.,смотреть,средний
Саларьево,Сокольническая линия,Открыта в 2016 году. Архитекторы Н.Г. Рожкова и др.,Парк «Саларьево»,Парк,Прогулки, детские площадки.,гулять,бесплатно
Саларьево,Сокольническая линия,Открыта в 2016 году. Архитекторы Н.Г. Рожкова и др.,ТПУ «Саларьево»,Транспортный узел,Пересадка на автобусы в область.,1,смотреть,средний
Саларьево,Сокольническая линия,Открыта в 2016 году. Архитекторы Н.Г. Рожкова и др.,Храм Троицы в Троицком-Лыкове (далековато, пешком 20 мин),Храм,Если на машине.,другое,средний
Филатов луг,Сокольническая линия,Открыта в 2019 году. Архитекторы А.Н. Некрасов и др.,Филатов луг (парк),Парк,Парк, природа.,гулять,бесплатно
Филатов луг,Сокольническая линия,Открыта в 2019 году. Архитекторы А.Н. Некрасов и др.,Жилые кварталы с благоустройством,Улица,Зоны для прогулок.,2,гулять,бесплатно
Прокшино,Сокольническая линия,Открыта в 2019 году. Архитекторы А.Н. Некрасов и др.,Парк «Прокшино»,Парк,Новый парк.,5,гулять,бесплатно
Прокшино,Сокольническая линия,Открыта в 2019 году. Архитекторы А.Н. Некрасов и др.,Спортивный кластер,Спорткомплекс,Площадки для воркаута.,3,смотреть,средний
Ольховая,Сокольническая линия,Открыта в 2019 году. Архитекторы А.Н. Некрасов и др.,Ольховая улица,Улица,Современные кварталы.,2,гулять,бесплатно
Ольховая,Сокольническая линия,Открыта в 2019 году. Архитекторы А.Н. Некрасов и др.,Школа искусств,Культура,Детская школа рядом.,6,другое,средний
Новомосковская,Сокольническая линия,Открыта в 2019 году. Временно конечная.,Автовокзал «Новомосковский»,Транспортный узел,Автобусы на юг области.,2,смотреть,средний
Новомосковская,Сокольническая линия,Открыта в 2019 году. Временно конечная.,Парк у метро,Парк,Новая зеленая зона.,4,гулять,бесплатно
Ховрино,Замоскворецкая линия,Открыта 31 декабря 2017 года. Архитекторы Н.И. Шумаков и А.В. Некрасов. Названа по бывшему селу Ховрино.,Парк «Ховрино»,Парк,Большой парк с прудами и лодочной станцией. Отличное место для пробежек.,3,гулять,бесплатно
Ховрино,Замоскворецкая линия,Открыта 31 декабря 2017 года. Архитекторы Н.И. Шумаков и А.В. Некрасов. Названа по бывшему селу Ховрино.,Ховринский пруд,Парк,Живописный пруд с утками и прогулочной зоной вокруг.,4,гулять,бесплатно
Ховрино,Замоскворецкая линия,Открыта 31 декабря 2017 года. Архитекторы Н.И. Шумаков и А.В. Некрасов. Названа по бывшему селу Ховрино.,ТЦ «МЕГА Химки» (на автобусе),ТЦ,Огромный ТЦ с IKEA и кинотеатром.,10,смотреть,средний
Беломорская,Замоскворецкая линия,Открыта 20 декабря 2018 года. Архитекторы Н.И. Шумаков и А.В. Некрасов. Названа по Беломорской улице.,Парк «Дружбы»,Парк,Уютный парк с фонтанами и скульптурами. Место для прогулок с детьми.,5,гулять,бесплатно
Беломорская,Замоскворецкая линия,Открыта 20 декабря 2018 года. Архитекторы Н.И. Шумаков и А.В. Некрасов. Названа по Беломорской улице.,Храм иконы Божией Матери «Знамение»,Храм,Современный храм в неорусском стиле.,7,смотреть,бесплатно
Беломорская,Замоскворецкая линия,Открыта 20 декабря 2018 года. Архитекторы Н.И. Шумаков и А.В. Некрасов. Названа по Беломорской улице.,Левобережный пляж,Пляж,Песчаный пляж на берегу Химкинского водохранилища.,10,гулять,бесплатно
Речной вокзал,Замоскворецкая линия,Открыта 31 декабря 1964 года. Архитекторы Н.И. Демчинский и Ю.А. Колесникова. Названа по Северному речному вокзалу.,Северный речной вокзал,Транспортный узел/Парк,Отреставрированный сталинский вокзал. Причал теплоходов и огромный парк.,2,другое,средний
Речной вокзал,Замоскворецкая линия,Открыта 31 декабря 1964 года. Архитекторы Н.И. Демчинский и Ю.А. Колесникова. Названа по Северному речному вокзалу.,Парк «Дружбы»,Парк,Зелёная зона с фонтанами и павильонами. Популярна у горожан.,3,гулять,бесплатно
Речной вокзал,Замоскворецкая линия,Открыта 31 декабря 1964 года. Архитекторы Н.И. Демчинский и Ю.А. Колесникова. Названа по Северному речному вокзалу.,Химкинское водохранилище,Водоём,Пляжи, лодки и красивый вид на вокзал.,другое,средний
Речной вокзал,Замоскворецкая линия,Открыта 31 декабря 1964 года. Архитекторы Н.И. Демчинский и Ю.А. Колесникова. Названа по Северному речному вокзалу.,Аквапарк «Ква-Ква»,Аквапарк,Водные горки и бассейны для всей семьи.,12,смотреть,средний
Водный стадион,Замоскворецкая линия,Открыта 31 декабря 1964 года. Архитекторы Н.И. Демчинский и Ю.А. Колесникова. Названа по стадиону «Динамо» (водные виды спорта).,Стадион «Динамо» (водный стадион),Стадион,Обновлённая арена для футбола и водных видов спорта.,4,смотреть,средний
Водный стадион,Замоскворецкая линия,Открыта 31 декабря 1964 года. Архитекторы Н.И. Демчинский и Ю.А. Колесникова. Названа по стадиону «Динамо» (водные виды спорта).,Головинские пруды,Парк,Цепь прудов с прогулочными дорожками. Лодочная станция.,6,гулять,бесплатно
Водный стадион,Замоскворецкая линия,Открыта 31 декабря 1964 года. Архитекторы Н.И. Демчинский и Ю.А. Колесникова. Названа по стадиону «Динамо» (водные виды спорта).,Парк «Покровское-Стрешнево»,Парк,Большой лесопарк с усадьбой.,10,гулять,бесплатно
Войковская,Замоскворецкая линия,Открыта 31 декабря 1964 года. Архитекторы И.Г. Таранов и Н.А. Быкова. Названа в честь революционера П.Л. Войкова.,ТЦ «Метрополис»,ТЦ,Крупный ТЦ с кинотеатром IMAX и фуд-кортом.,2,смотреть,средний
Войковская,Замоскворецкая линия,Открыта 31 декабря 1964 года. Архитекторы И.Г. Таранов и Н.А. Быкова. Названа в честь революционера П.Л. Войкова.,Парк «Покровское-Стрешнево»,Парк,Лесопарк с прудами и исторической усадьбой.,8,гулять,бесплатно
Войковская,Замоскворецкая линия,Открыта 31 декабря 1964 года. Архитекторы И.Г. Таранов и Н.А. Быкова. Названа в честь революционера П.Л. Войкова.,Музей «Госиспытания авиационной техники»,Музей,Самолёты и вертолёты под открытым небом.,12,смотреть,средний
Сокол,Замоскворецкая линия,Открыта 11 сентября 1938 года. Архитекторы Н.А. Быкова и И.Г. Таранов. Названа по посёлку «Сокол».,Парк «Алые паруса»,Парк,Набережная с фонтанами и детскими площадками.,7,гулять,бесплатно
Сокол,Замоскворецкая линия,Открыта 11 сентября 1938 года. Архитекторы Н.А. Быкова и И.Г. Таранов. Названа по посёлку «Сокол».,Посёлок «Сокол»,Достопримечательность,Уникальный кооперативный посёлок художников в стиле авангард и неоклассика.,5,смотреть,средний
Сокол,Замоскворецкая линия,Открыта 11 сентября 1938 года. Архитекторы Н.А. Быкова и И.Г. Таранов. Названа по посёлку «Сокол».,Стадион «ЦСКА»,Стадион,Домашняя арена хоккейного ЦСКА и футбольного клуба.,10,смотреть,средний
Сокол,Замоскворецкая линия,Открыта 11 сентября 1938 года. Архитекторы Н.А. Быкова и И.Г. Таранов. Названа по посёлку «Сокол».,Кафе «АндерСон»,Кафе,Семейное кафе с огромными десертами.,6,есть,дёшево
Аэропорт,Замоскворецкая линия,Открыта 11 сентября 1938 года. Архитекторы Б.С. Виленский и В.А. Ершов. Названа по близости к Центральному аэродрому.,Центральный аэродром им. Фрунзе (закрыт),Достопримечательность,Историческое лётное поле. Сейчас там построен парк.,4,смотреть,средний
Аэропорт,Замоскворецкая линия,Открыта 11 сентября 1938 года. Архитекторы Б.С. Виленский и В.А. Ершов. Названа по близости к Центральному аэродрому.,Парк «Ходынское поле»,Парк,Современное парковое пространство с фонтанами и скейт-парком.,3,гулять,бесплатно
Аэропорт,Замоскворецкая линия,Открыта 11 сентября 1938 года. Архитекторы Б.С. Виленский и В.А. Ершов. Названа по близости к Центральному аэродрому.,ТЦ «Авиапарк»,ТЦ,Один из крупнейших ТЦ Европы. Океанариум и каток.,8,смотреть,средний
Аэропорт,Замоскворецкая линия,Открыта 11 сентября 1938 года. Архитекторы Б.С. Виленский и В.А. Ершов. Названа по близости к Центральному аэродрому.,Музей ВВС в Монино (экскурсия с трансфером),Музей,Легендарная коллекция самолётов.,15 (транспорт),смотреть,средний
Динамо,Замоскворецкая линия,Открыта 11 сентября 1938 года. Архитекторы Я.Г. Лихтенберг и И.Г. Таранов. Названа по стадиону «Динамо».,Стадион «ВТБ Арена» (бывш. Динамо),Стадион,Обновлённый стадион с музеем Льва Яшина и подогреваемыми сиденьями.,2,смотреть,средний
Динамо,Замоскворецкая линия,Открыта 11 сентября 1938 года. Архитекторы Я.Г. Лихтенберг и И.Г. Таранов. Названа по стадиону «Динамо».,Петровский парк,Парк,Исторический парк с прудами и усадьбой.,3,гулять,бесплатно
Динамо,Замоскворецкая линия,Открыта 11 сентября 1938 года. Архитекторы Я.Г. Лихтенберг и И.Г. Таранов. Названа по стадиону «Динамо».,Музей Льва Яшина,Музей,Посвящён легендарному вратарю. Находится внутри стадиона.,5,смотреть,средний
Динамо,Замоскворецкая линия,Открыта 11 сентября 1938 года. Архитекторы Я.Г. Лихтенберг и И.Г. Таранов. Названа по стадиону «Динамо».,Ресторан «Шинок»,Ресторан,Популярный украинский ресторан в парке.,7,есть,средний
Белорусская,Замоскворецкая линия,Открыта 11 сентября 1938 года. Архитекторы Н.А. Быкова и И.Г. Таранов. Названа по Белорусскому вокзалу.,Белорусский вокзал,Транспортный узел,Аэроэкспресс в Шереметьево. Старинная архитектура вокзала.,2,смотреть,средний
Белорусская,Замоскворецкая линия,Открыта 11 сентября 1938 года. Архитекторы Н.А. Быкова и И.Г. Таранов. Названа по Белорусскому вокзалу.,Памятник Максиму Горькому,Памятник,Бронзовая скульптура у Белорусского вокзала.,3,смотреть,бесплатно
Белорусская,Замоскворецкая линия,Открыта 11 сентября 1938 года. Архитекторы Н.А. Быкова и И.Г. Таранов. Названа по Белорусскому вокзалу.,Тверская улица (начало),Улица,Главная пешеходная магистраль Москвы. Магазины и рестораны.,5,гулять,бесплатно
Белорусская,Замоскворецкая линия,Открыта 11 сентября 1938 года. Архитекторы Н.А. Быкова и И.Г. Таранов. Названа по Белорусскому вокзалу.,Кафе «Кофе-Мания»,Кафе,Сетевая кофейня с отличными завтраками.,4,есть,дёшево
Маяковская,Замоскворецкая линия,Открыта 11 сентября 1938 года. Архитектор А.Н. Душкин. Мозаики А.А. Дейнеки. Станция-лауреат Гран-при в Нью-Йорке.,Концертный зал «Маяковка» (сама станция),Культура,Легендарная площадка для стендапа и лекций. Антураж архитектурного шедевра.,1,другое,средний
Маяковская,Замоскворецкая линия,Открыта 11 сентября 1938 года. Архитектор А.Н. Душкин. Мозаики А.А. Дейнеки. Станция-лауреат Гран-при в Нью-Йорке.,Тверской бульвар,Улица/Парк,Самый старый бульвар Москвы. Памятник Пушкину, театры,гулять,средний
Маяковская,Замоскворецкая линия,Открыта 11 сентября 1938 года. Архитектор А.Н. Душкин. Мозаики А.А. Дейнеки. Станция-лауреат Гран-при в Нью-Йорке.,Патриаршие пруды,Парк,Знаменитые пруды с утками. Любимое место прогулок москвичей.,8,гулять,бесплатно
Маяковская,Замоскворецкая линия,Открыта 11 сентября 1938 года. Архитектор А.Н. Душкин. Мозаики А.А. Дейнеки. Станция-лауреат Гран-при в Нью-Йорке.,Московский театр сатиры,Театр,Знаменитый театр на Триумфальной площади.,6,смотреть,средний
Маяковская,Замоскворецкая линия,Открыта 11 сентября 1938 года. Архитектор А.Н. Душкин. Мозаики А.А. Дейнеки. Станция-лауреат Гран-при в Нью-Йорке.,Тверская площадь,Площадь,Памятник Юрию Долгорукому. Сталинская архитектура.,4,смотреть,бесплатно
Тверская,Замоскворецкая линия,Открыта 20 июля 1979 года. Архитекторы Л.Н. Павлов и др. До 1990 года — «Горьковская».,Тверская улица,Улица,Главная пешеходная улица. Магазины, рестораны,гулять,бесплатно
Тверская,Замоскворецкая линия,Открыта 20 июля 1979 года. Архитекторы Л.Н. Павлов и др. До 1990 года — «Горьковская».,Памятник Юрию Долгорукому,Памятник,Основателю Москвы. Находится на Тверской площади.,3,смотреть,бесплатно
Тверская,Замоскворецкая линия,Открыта 20 июля 1979 года. Архитекторы Л.Н. Павлов и др. До 1990 года — «Горьковская».,Московская городская дума (здание),Достопримечательность,Красивое здание в стиле модерн.,4,смотреть,средний
Тверская,Замоскворецкая линия,Открыта 20 июля 1979 года. Архитекторы Л.Н. Павлов и др. До 1990 года — «Горьковская».,Кафе «Булочная №1»,Кафе,Советская булочная с пирожками по 15 рублей.,3,есть,дёшево
Театральная,Замоскворецкая линия,Открыта 11 сентября 1938 года. Архитектор И.А. Фомин. Названа по Театральной площади.,Большой театр,Театр,Главный театр России. Балет и опера.,2,смотреть,средний
Театральная,Замоскворецкая линия,Открыта 11 сентября 1938 года. Архитектор И.А. Фомин. Названа по Театральной площади.,Малый театр,Театр,Легендарный драматический театр. Русская классика.,3,смотреть,средний
Театральная,Замоскворецкая линия,Открыта 11 сентября 1938 года. Архитектор И.А. Фомин. Названа по Театральной площади.,Площадь Революции,Площадь,Скульптуры. Переход к Кремлю.,4,смотреть,бесплатно
Театральная,Замоскворецкая линия,Открыта 11 сентября 1938 года. Архитектор И.А. Фомин. Названа по Театральной площади.,Охотный ряд (ТЦ),ТЦ,Подземный ТЦ под Манежной площадью.,5,смотреть,средний
Театральная,Замоскворецкая линия,Открыта 11 сентября 1938 года. Архитектор И.А. Фомин. Названа по Театральной площади.,ЦУМ,ТЦ,Центральный универмаг. Дорогие бренды и видеостена.,6,смотреть,средний
Новокузнецкая,Замоскворецкая линия,Открыта 20 ноября 1943 года. Архитектор И.Т. Кузнецов. Мрамор и скульптуры военного времени.,Музей «Старый Английский двор»,Музей,Палаты XVI века. Интерьеры и история Английского двора.,6,смотреть,средний
Новокузнецкая,Замоскворецкая линия,Открыта 20 ноября 1943 года. Архитектор И.Т. Кузнецов. Мрамор и скульптуры военного времени.,Пятницкая улица,Улица,Старинная улица с ресторанами и барами.,2,гулять,бесплатно
Новокузнецкая,Замоскворецкая линия,Открыта 20 ноября 1943 года. Архитектор И.Т. Кузнецов. Мрамор и скульптуры военного времени.,Храм Святителя Николая в Кузнецах,Храм,Красивый православный храм XVII века.,4,смотреть,бесплатно
Новокузнецкая,Замоскворецкая линия,Открыта 20 ноября 1943 года. Архитектор И.Т. Кузнецов. Мрамор и скульптуры военного времени.,Замоскворечье (исторический район),Улица,Район купеческих особняков и узких переулков.,1,гулять,бесплатно
Новокузнецкая,Замоскворецкая линия,Открыта 20 ноября 1943 года. Архитектор И.Т. Кузнецов. Мрамор и скульптуры военного времени.,Кофейня «Циферблат»,Кафе,Круглосуточное антикафе с настолками.,5,есть,дёшево
Павелецкая,Замоскворецкая линия,Открыта 20 ноября 1943 года. Архитекторы С.В. Каринский и В.А. Каринская. Названа по Павелецкому вокзалу.,Павелецкий вокзал,Транспортный узел,Аэроэкспресс в Домодедово.,2,смотреть,средний
Павелецкая,Замоскворецкая линия,Открыта 20 ноября 1943 года. Архитекторы С.В. Каринский и В.А. Каринская. Названа по Павелецкому вокзалу.,Шлюзовая набережная,Набережная,Прогулка вдоль Водоотводного канала.,7,гулять,бесплатно
Павелецкая,Замоскворецкая линия,Открыта 20 ноября 1943 года. Архитекторы С.В. Каринский и В.А. Каринская. Названа по Павелецкому вокзалу.,Парк «Садовники»,Парк,Спокойный парк с прудами.,11,гулять,бесплатно
Павелецкая,Замоскворецкая линия,Открыта 20 ноября 1943 года. Архитекторы С.В. Каринский и В.А. Каринская. Названа по Павелецкому вокзалу.,Театр «Школа драматического искусства»,Театр,Современная драма.,10,смотреть,средний
Автозаводская,Замоскворецкая линия,Открыта 1 января 1943 года (строилась во время войны). Архитекторы А.С. Самохвалов и Н.А. Колли.,Третьяковская галерея на Крымском Валу (Новая Третьяковка),Музей,Современное искусство XX-XXI века.,14,смотреть,средний
Автозаводская,Замоскворецкая линия,Открыта 1 января 1943 года (строилась во время войны). Архитекторы А.С. Самохвалов и Н.А. Колли.,Парк «Тюфелева роща»,Парк,Современный парк с воркаутом и детскими площадками.,5,гулять,бесплатно
Автозаводская,Замоскворецкая линия,Открыта 1 января 1943 года (строилась во время войны). Архитекторы А.С. Самохвалов и Н.А. Колли.,Завод «ЗИЛ» (бывший),Достопримечательность,Территория бывшего автозавода. Лофт-пространства и парк.,8,смотреть,средний
Автозаводская,Замоскворецкая линия,Открыта 1 января 1943 года (строилась во время войны). Архитекторы А.С. Самохвалов и Н.А. Колли.,ТРЦ «Ривьера»,ТЦ,Крупный ТЦ с фуд-кортом и кинотеатром.,10,смотреть,средний
Коломенская,Замоскворецкая линия,Открыта 11 августа 1969 года. Архитекторы Л.А. Шагурина и др. Названа по музею-заповеднику.,Музей-заповедник «Коломенское»,Усадьба/Парк,Бывшая резиденция царей. Церковь Вознесения — объект ЮНЕСКО.,4,другое,средний
Коломенская,Замоскворецкая линия,Открыта 11 августа 1969 года. Архитекторы Л.А. Шагурина и др. Названа по музею-заповеднику.,Дворец царя Алексея Михайловича,Музей,Историческая реконструкция деревянного дворца.,6,смотреть,средний
Коломенская,Замоскворецкая линия,Открыта 11 августа 1969 года. Архитекторы Л.А. Шагурина и др. Названа по музею-заповеднику.,Парк «Коломенское»,Парк,Огромный парк с яблоневыми садами и прудами.,3,гулять,бесплатно
Коломенская,Замоскворецкая линия,Открыта 11 августа 1969 года. Архитекторы Л.А. Шагурина и др. Названа по музею-заповеднику.,Набережная Москвы-реки в Коломенском,Набережная,Прогулка с видом на храм Вознесения.,5,гулять,бесплатно
Технопарк,Замоскворецкая линия,Открыта 28 декабря 2015 года. Первая станция с эскалаторами на платформу.,Технопарк «Нагатино-ЗИЛ»,Бизнес-парк,Современный деловой кластер с кафе.,2,другое,средний
Технопарк,Замоскворецкая линия,Открыта 28 декабря 2015 года. Первая станция с эскалаторами на платформу.,ТРЦ «Мегаполис»,ТЦ,Крупный ТЦ с кинотеатром.,5,смотреть,средний
Технопарк,Замоскворецкая линия,Открыта 28 декабря 2015 года. Первая станция с эскалаторами на платформу.,Парк «Нагатинская пойма»,Парк,Скейт-парк и вейк-парк.,8,гулять,бесплатно
Каширская,Замоскворецкая линия,Открыта 11 августа 1969 года. Архитекторы Н.А. Алёшина и др. Названа по Каширскому шоссе.,Парк «Садовники»,Парк,Большой парк с фонтанами.,4,гулять,бесплатно
Каширская,Замоскворецкая линия,Открыта 11 августа 1969 года. Архитекторы Н.А. Алёшина и др. Названа по Каширскому шоссе.,ТЦ «Каширская Плаза»,ТЦ,ТЦ с универсамом и кофейнями.,3,смотреть,средний
Каширская,Замоскворецкая линия,Открыта 11 августа 1969 года. Архитекторы Н.А. Алёшина и др. Названа по Каширскому шоссе.,Коломенский парк (южный вход),Парк,Вход в усадьбу Коломенское с другой стороны.,10,гулять,бесплатно
Кантемировская,Замоскворецкая линия,Открыта 30 декабря 1984 года. Архитекторы Л.Н. Павлов и др. Названа в честь князя Кантемира.,Парк «Кантемировский»,Парк,Зелёная зона с детскими площадками.,3,гулять,бесплатно
Кантемировская,Замоскворецкая линия,Открыта 30 декабря 1984 года. Архитекторы Л.Н. Павлов и др. Названа в честь князя Кантемира.,Храм Троицы в Орехове-Борисове,Храм,Современный деревянный храм.,7,смотреть,бесплатно
Кантемировская,Замоскворецкая линия,Открыта 30 декабря 1984 года. Архитекторы Л.Н. Павлов и др. Названа в честь князя Кантемира.,Каспийский пруд,Парк,Большой пруд с прогулочной зоной.,6,гулять,бесплатно
Царицыно,Замоскворецкая линия,Открыта 30 декабря 1984 года. Архитекторы Л.Л. Борзенков и др. Названа по музею-заповеднику.,Музей-заповедник «Царицыно»,Усадьба/Парк,Дворцовый комплекс Екатерины II. Пруды и светомузыкальный фонтан.,3,другое,средний
Царицыно,Замоскворецкая линия,Открыта 30 декабря 1984 года. Архитекторы Л.Л. Борзенков и др. Названа по музею-заповеднику.,Большой дворец в Царицыно,Музей,Архитектура псевдоготики. Выставки и концерты.,5,смотреть,средний
Царицыно,Замоскворецкая линия,Открыта 30 декабря 1984 года. Архитекторы Л.Л. Борзенков и др. Названа по музею-заповеднику.,Царицынские пруды,Парк,Каскад прудов с лодочной станцией.,4,гулять,бесплатно
Царицыно,Замоскворецкая линия,Открыта 30 декабря 1984 года. Архитекторы Л.Л. Борзенков и др. Названа по музею-заповеднику.,Фонтан «Светомузыкальный» в Царицыно,Фонтан,Шоу фонтанов вечером.,6,смотреть,бесплатно
Орехово,Замоскворецкая линия,Открыта 30 декабря 1984 года. Архитекторы Л.Л. Борзенков и др. Названа по району Орехово-Борисово.,Воронежский парк (парк «Орехово»),Парк,Большой парк с аттракционами.,4,гулять,бесплатно
Орехово,Замоскворецкая линия,Открыта 30 декабря 1984 года. Архитекторы Л.Л. Борзенков и др. Названа по району Орехово-Борисово.,Храм Святого праведного Иоанна Русского,Храм,Современный храм-памятник.,6,смотреть,бесплатно
Орехово,Замоскворецкая линия,Открыта 30 декабря 1984 года. Архитекторы Л.Л. Борзенков и др. Названа по району Орехово-Борисово.,Кофейня «Кофеин»,Кафе,Сетевая кофейня с уютным интерьером.,2,есть,дёшево
Домодедовская,Замоскворецкая линия,Открыта 7 сентября 1985 года. Архитекторы Н.И. Демчинский и др. Названа по району.,Фонтан на Домодедовской,Фонтан,Большой фонтан у выхода из метро.,1,смотреть,бесплатно
Домодедовская,Замоскворецкая линия,Открыта 7 сентября 1985 года. Архитекторы Н.И. Демчинский и др. Названа по району.,Парк «Домодедовский»,Парк,Зелёная зона с дорожками.,3,гулять,бесплатно
Домодедовская,Замоскворецкая линия,Открыта 7 сентября 1985 года. Архитекторы Н.И. Демчинский и др. Названа по району.,ТЦ «Домодедовский»,ТЦ,Магазины и кафе.,2,смотреть,средний
Красногвардейская,Замоскворецкая линия,Открыта 7 сентября 1985 года. Архитекторы Н.И. Демчинский и др.,ТРЦ «Шоколад»,ТЦ,Небольшой ТЦ у метро.,3,смотреть,средний
Красногвардейская,Замоскворецкая линия,Открыта 7 сентября 1985 года. Архитекторы Н.И. Демчинский и др.,Парк «Красногвардейский» (Борисовские пруды),Парк,Каскад прудов и прогулочная зона.,5,гулять,бесплатно
Красногвардейская,Замоскворецкая линия,Открыта 7 сентября 1985 года. Архитекторы Н.И. Демчинский и др.,Москва-река (набережная),Набережная,Прогулка у воды.,7,гулять,бесплатно
Алма-Атинская,Замоскворецкая линия,Открыта 24 декабря 2012 года. Конечная. Названа в честь Алма-Аты.,Парк «Братеевская пойма»,Парк,Большой парк на берегу Москвы-реки.,6,гулять,бесплатно
Алма-Атинская,Замоскворецкая линия,Открыта 24 декабря 2012 года. Конечная. Названа в честь Алма-Аты.,Храм Митрофана Воронежского,Храм,Современный храм.,8,смотреть,бесплатно
Алма-Атинская,Замоскворецкая линия,Открыта 24 декабря 2012 года. Конечная. Названа в честь Алма-Аты.,Памятник воинам-интернационалистам,Памятник,Мемориал в Братеево.,5,смотреть,бесплатно
Пятницкое шоссе,Арбатско-Покровская линия,Открыта 6 декабря 2012 года. Архитекторы Н.И. Шумаков и А.В. Некрасов. Названа по Пятницкому шоссе.,ТРЦ «Митино»,ТЦ,Крупный торговый центр с кинотеатром и фуд-кортом.,4,смотреть,средний
Пятницкое шоссе,Арбатско-Покровская линия,Открыта 6 декабря 2012 года. Архитекторы Н.И. Шумаков и А.В. Некрасов. Названа по Пятницкому шоссе.,Парк «Митино»,Парк,Большой парк с прудами и велодорожками.,6,гулять,бесплатно
Пятницкое шоссе,Арбатско-Покровская линия,Открыта 6 декабря 2012 года. Архитекторы Н.И. Шумаков и А.В. Некрасов. Названа по Пятницкому шоссе.,Митинский радиорынок,Рынок,Знаменитый рынок электроники и радиодеталей.,8,есть,средний
Митино,Арбатско-Покровская линия,Открыта 26 декабря 2009 года. Архитекторы Н.И. Шумаков и Г.С. Мун. Названа по району Митино.,Митинский парк,Парк,Зелёная зона с детскими и спортивными площадками.,3,гулять,бесплатно
Митино,Арбатско-Покровская линия,Открыта 26 декабря 2009 года. Архитекторы Н.И. Шумаков и Г.С. Мун. Названа по району Митино.,Храм Рождества Христова в Митино,Храм,Современный храм с шатровой колокольней.,5,смотреть,бесплатно
Митино,Арбатско-Покровская линия,Открыта 26 декабря 2009 года. Архитекторы Н.И. Шумаков и Г.С. Мун. Названа по району Митино.,ТЦ «Митино»,ТЦ,Большой ТЦ с магазинами и кафе.,2,смотреть,средний
Волоколамская,Арбатско-Покровская линия,Открыта 26 декабря 2009 года. Архитекторы Н.И. Шумаков и Г.С. Мун. Названа по Волоколамскому шоссе.,Волоколамское шоссе (памятник ополченцам),Памятник,Мемориал защитникам Москвы 1941 года.,3,смотреть,бесплатно
Волоколамская,Арбатско-Покровская линия,Открыта 26 декабря 2009 года. Архитекторы Н.И. Шумаков и Г.С. Мун. Названа по Волоколамскому шоссе.,Парк «Покровское-Стрешнево»,Парк,Лесопарк с усадьбой и прудами.,10,гулять,бесплатно
Волоколамская,Арбатско-Покровская линия,Открыта 26 декабря 2009 года. Архитекторы Н.И. Шумаков и Г.С. Мун. Названа по Волоколамскому шоссе.,ТРЦ «Sky»,ТЦ,Небольшой ТЦ с продуктовым и аптекой.,4,смотреть,средний
Мякинино,Арбатско-Покровская линия,Открыта 26 декабря 2009 года. Первая станция за МКАД. Стеклянный вестибюль.,ТРЦ «Крокус Сити»,ТЦ,Огромный ТЦ с океанариумом и концертным залом.,2,смотреть,средний
Мякинино,Арбатско-Покровская линия,Открыта 26 декабря 2009 года. Первая станция за МКАД. Стеклянный вестибюль.,Океанариум «Крокус Сити»,Океанариум,Подводный тоннель с акулами и скатами.,4,смотреть,дорого
Мякинино,Арбатско-Покровская линия,Открыта 26 декабря 2009 года. Первая станция за МКАД. Стеклянный вестибюль.,Волейбольный центр «Крокус»,Спорткомплекс,Крупный волейбольный комплекс.,6,смотреть,средний
Строгино,Арбатско-Покровская линия,Открыта 7 января 2008 года. Архитекторы А.Л. Вигдоров и др. Самая светлая станция за пределами центра.,Строгинская пойма,Парк,Пляжи, набережная и вейк-парк на Москве-реке.,гулять,бесплатно
Строгино,Арбатско-Покровская линия,Открыта 7 января 2008 года. Архитекторы А.Л. Вигдоров и др. Самая светлая станция за пределами центра.,Парк «Строгино»,Парк,Зелёная зона с лыжероллерной трассой.,3,гулять,бесплатно
Строгино,Арбатско-Покровская линия,Открыта 7 января 2008 года. Архитекторы А.Л. Вигдоров и др. Самая светлая станция за пределами центра.,Храм Троицы Живоначальной в Строгино,Храм,Современный храм с золотыми куполами.,7,смотреть,бесплатно
Строгино,Арбатско-Покровская линия,Открыта 7 января 2008 года. Архитекторы А.Л. Вигдоров и др. Самая светлая станция за пределами центра.,Кафе «Шоколадница»,Кафе,Уютная кофейня у выхода.,2,есть,дёшево
Крылатское,Арбатско-Покровская линия,Открыта 31 декабря 1989 года. Архитекторы Л.Н. Павлов и др. Выход к велотреку.,Велотрек «Крылатское»,Спорткомплекс,Олимпийский велотрек. Музей спорта.,3,смотреть,средний
Крылатское,Арбатско-Покровская линия,Открыта 31 декабря 1989 года. Архитекторы Л.Н. Павлов и др. Выход к велотреку.,Парк «Крылатские холмы»,Парк,Искусственные холмы для катания на лыжах.,4,гулять,бесплатно
Крылатское,Арбатско-Покровская линия,Открыта 31 декабря 1989 года. Архитекторы Л.Н. Павлов и др. Выход к велотреку.,Гребной канал,Спорткомплекс,Олимпийский гребной канал. Прогулки и катание на лодках.,8,смотреть,средний
Крылатское,Арбатско-Покровская линия,Открыта 31 декабря 1989 года. Архитекторы Л.Н. Павлов и др. Выход к велотреку.,Храм Рождества Иоанна Предтечи,Храм,Деревянный храм XVIII века.,10,смотреть,бесплатно
Молодёжная,Арбатско-Покровская линия,Открыта 5 января 1965 года. Архитекторы И.Г. Таранов и Н.А. Быкова.,Парк «Молодёжный»,Парк,Зелёная зона с фонтаном.,4,гулять,бесплатно
Молодёжная,Арбатско-Покровская линия,Открыта 5 января 1965 года. Архитекторы И.Г. Таранов и Н.А. Быкова.,ТЦ «Молодёжный»,ТЦ,Небольшой ТЦ с продуктовым.,2,смотреть,средний
Молодёжная,Арбатско-Покровская линия,Открыта 5 января 1965 года. Архитекторы И.Г. Таранов и Н.А. Быкова.,Спортивный комплекс «Янтарь»,Спорткомплекс,Бассейн и тренажёрный зал.,6,смотреть,средний
Кунцевская,Арбатско-Покровская линия,Открыта 5 января 1965 года. Пересадочный узел. Низкая платформа.,Парк «Фили»,Парк,Усадьба Нарышкина «Кунцево». Яблоневые сады.,5,гулять,бесплатно
Кунцевская,Арбатско-Покровская линия,Открыта 5 января 1965 года. Пересадочный узел. Низкая платформа.,ТРЦ «Кунцево Плаза»,ТЦ,Крупный ТЦ с кинотеатром.,3,смотреть,средний
Кунцевская,Арбатско-Покровская линия,Открыта 5 января 1965 года. Пересадочный узел. Низкая платформа.,Филевский парк,Парк,Прогулки у Москвы-реки.,8,гулять,бесплатно
Кунцевская,Арбатско-Покровская линия,Открыта 5 января 1965 года. Пересадочный узел. Низкая платформа.,Смотровая площадка у парка Фили,Панорама,Вид на реку и деловой центр.,6,смотреть,средний
Славянский бульвар,Арбатско-Покровская линия,Открыта 7 сентября 2008 года. Архитекторы В.З. Филиппов и др.,Славянский бульвар,Улица/Парк,Пешеходный бульвар со скамейками и фонтанами.,2,гулять,средний
Славянский бульвар,Арбатско-Покровская линия,Открыта 7 сентября 2008 года. Архитекторы В.З. Филиппов и др.,ТРЦ «Славянский бульвар»,ТЦ,Большой ТЦ с кинотеатром и магазинами.,3,смотреть,средний
Славянский бульвар,Арбатско-Покровская линия,Открыта 7 сентября 2008 года. Архитекторы В.З. Филиппов и др.,Храм Покрова Пресвятой Богородицы в Филях,Храм,Старинный храм XVII века в стиле нарышкинское барокко.,10,смотреть,бесплатно
Славянский бульвар,Арбатско-Покровская линия,Открыта 7 сентября 2008 года. Архитекторы В.З. Филиппов и др.,Филевский парк,Парк,Прогулки по набережной.,7,гулять,бесплатно
Парк Победы,Арбатско-Покровская линия,Открыта 6 мая 2003 года. Самая глубокая станция Москвы (84 метра). Эскалатор 3 минуты.,Парк Победы на Поклонной горе,Парк/Монумент,Мемориальный комплекс с музеем войны и фонтанами.,2,другое,средний
Парк Победы,Арбатско-Покровская линия,Открыта 6 мая 2003 года. Самая глубокая станция Москвы (84 метра). Эскалатор 3 минуты.,Монумент Победы,Памятник,Обелиск высотой 141.8 метра.,4,смотреть,бесплатно
Парк Победы,Арбатско-Покровская линия,Открыта 6 мая 2003 года. Самая глубокая станция Москвы (84 метра). Эскалатор 3 минуты.,Триумфальная арка,Памятник,Арка 1834 года в честь победы над Наполеоном.,10,смотреть,бесплатно
Парк Победы,Арбатско-Покровская линия,Открыта 6 мая 2003 года. Самая глубокая станция Москвы (84 метра). Эскалатор 3 минуты.,Музей Великой Отечественной войны,Музей,Диорамы и военная техника под открытым небом.,5,смотреть,средний
Парк Победы,Арбатско-Покровская линия,Открыта 6 мая 2003 года. Самая глубокая станция Москвы (84 метра). Эскалатор 3 минуты.,Поклонная гора (смотровая),Панорама,Вид на Москву-Сити и Кремль.,3,смотреть,средний
Киевская,Арбатско-Покровская линия,Открыта 5 апреля 1953 года. Архитекторы Л.В. Лилье и др. Одна из самых красивых станций.,Киевский вокзал,Транспортный узел,Аэроэкспресс в Внуково.,2,смотреть,средний
Киевская,Арбатско-Покровская линия,Открыта 5 апреля 1953 года. Архитекторы Л.В. Лилье и др. Одна из самых красивых станций.,Площадь Европы,Достопримечательность,Фонтан «Похищение Европы».,3,смотреть,средний
Киевская,Арбатско-Покровская линия,Открыта 5 апреля 1953 года. Архитекторы Л.В. Лилье и др. Одна из самых красивых станций.,ТРЦ «Европейский»,ТЦ,Огромный ТЦ над метро.,1,смотреть,средний
Киевская,Арбатско-Покровская линия,Открыта 5 апреля 1953 года. Архитекторы Л.В. Лилье и др. Одна из самых красивых станций.,Бородинская панорама,Музей,Музей-панорама Бородинской битвы.,9,смотреть,средний
Смоленская,Арбатско-Покровская линия,Открыта 5 апреля 1953 года. Архитекторы О.А. Великорецкий и др. Станция-близнец Арбатской.,Арбат (Старый),Улица,Пешеходная улица музыкантов и ресторанов.,2,гулять,бесплатно
Смоленская,Арбатско-Покровская линия,Открыта 5 апреля 1953 года. Архитекторы О.А. Великорецкий и др. Станция-близнец Арбатской.,Смоленская площадь,Площадь,Крупный транспортный узел. Высотка МИДа рядом.,4,смотреть,бесплатно
Смоленская,Арбатско-Покровская линия,Открыта 5 апреля 1953 года. Архитекторы О.А. Великорецкий и др. Станция-близнец Арбатской.,Министерство иностранных дел (МИД),Достопримечательность,Сталинская высотка. Хорошо видна со Смоленской.,6,смотреть,средний
Смоленская,Арбатско-Покровская линия,Открыта 5 апреля 1953 года. Архитекторы О.А. Великорецкий и др. Станция-близнец Арбатской.,Театр имени Вахтангова,Театр,Знаменитый театр на Арбате.,8,смотреть,средний
Арбатская,Арбатско-Покровская линия,Открыта 5 апреля 1953 года. Архитекторы Л.М. Поляков и др. Самая длинная станция метро.,Арбат (Старый и Новый),Улица,Главная пешеходная улица. Уличные музыканты и театры.,1,гулять,бесплатно
Арбатская,Арбатско-Покровская линия,Открыта 5 апреля 1953 года. Архитекторы Л.М. Поляков и др. Самая длинная станция метро.,Театр имени Вахтангова,Театр,Легендарный театр. Памятник Евгению Вахтангову.,3,смотреть,средний
Арбатская,Арбатско-Покровская линия,Открыта 5 апреля 1953 года. Архитекторы Л.М. Поляков и др. Самая длинная станция метро.,Серебряный переулок,Улица,Уютные кафе и рестораны. Дом-музей Скрябина.,4,гулять,бесплатно
Арбатская,Арбатско-Покровская линия,Открыта 5 апреля 1953 года. Архитекторы Л.М. Поляков и др. Самая длинная станция метро.,Памятник Булату Окуджаве,Памятник,Бронзовый поэт на Старом Арбате.,2,смотреть,бесплатно
Арбатская,Арбатско-Покровская линия,Открыта 5 апреля 1953 года. Архитекторы Л.М. Поляков и др. Самая длинная станция метро.,Кафе «Прага»,Кафе,Историческое кафе на Арбате. Чешская кухня.,5,есть,дёшево
Площадь Революции,Арбатско-Покровская линия,Открыта 13 марта 1938 года. Архитектор А.Н. Душкин. 76 бронзовых фигур (скульптор Манизер).,Красная площадь,Достопримечательность,Главная площадь страны.,6,смотреть,средний
Площадь Революции,Арбатско-Покровская линия,Открыта 13 марта 1938 года. Архитектор А.Н. Душкин. 76 бронзовых фигур (скульптор Манизер).,Большой театр,Театр,Главный театр России.,4,смотреть,средний
Площадь Революции,Арбатско-Покровская линия,Открыта 13 марта 1938 года. Архитектор А.Н. Душкин. 76 бронзовых фигур (скульптор Манизер).,ГУМ,ТЦ/Достопримечательность,Главный универмаг на Красной площади.,5,другое,средний
Площадь Революции,Арбатско-Покровская линия,Открыта 13 марта 1938 года. Архитектор А.Н. Душкин. 76 бронзовых фигур (скульптор Манизер).,Никольская улица,Улица,Пешеходная улица с барами.,3,гулять,бесплатно
Площадь Революции,Арбатско-Покровская линия,Открыта 13 марта 1938 года. Архитектор А.Н. Душкин. 76 бронзовых фигур (скульптор Манизер).,Исторический музей,Музей,Главный музей истории России.,7,смотреть,средний
Курская,Арбатско-Покровская линия,Открыта 13 марта 1938 года. Пересадочный узел. Архитекторы Л.М. Поляков и др.,Курский вокзал,Транспортный узел,Вокзал южного направления.,2,смотреть,средний
Курская,Арбатско-Покровская линия,Открыта 13 марта 1938 года. Пересадочный узел. Архитекторы Л.М. Поляков и др.,Атриум,ТЦ,Крупный ТЦ у метро.,1,смотреть,средний
Курская,Арбатско-Покровская линия,Открыта 13 марта 1938 года. Пересадочный узел. Архитекторы Л.М. Поляков и др.,Чистые пруды (начало),Парк,Начало Чистопрудного бульвара.,10,гулять,бесплатно
Курская,Арбатско-Покровская линия,Открыта 13 марта 1938 года. Пересадочный узел. Архитекторы Л.М. Поляков и др.,МХТ им. Чехова,Театр,Легендарный театр.,12,смотреть,средний
Бауманская,Арбатско-Покровская линия,Открыта 18 января 1944 года. Архитекторы Б.М. Иофан и др. Названа в честь революционера Баумана.,Елоховский собор (Богоявленский собор в Елохове),Храм,Главный храм Русской православной церкви в советское время.,5,смотреть,бесплатно
Бауманская,Арбатско-Покровская линия,Открыта 18 января 1944 года. Архитекторы Б.М. Иофан и др. Названа в честь революционера Баумана.,Парк «Сокольники» (южный вход),Парк,Вход в парк Сокольники.,8,гулять,бесплатно
Бауманская,Арбатско-Покровская линия,Открыта 18 января 1944 года. Архитекторы Б.М. Иофан и др. Названа в честь революционера Баумана.,Площадь Разгуляй,Площадь,Старинная площадь. Памятник Бауману.,3,смотреть,бесплатно
Бауманская,Арбатско-Покровская линия,Открыта 18 января 1944 года. Архитекторы Б.М. Иофан и др. Названа в честь революционера Баумана.,Сады и огороды усадьбы Лефортово,Парк,Часть усадьбы. Тенистые аллеи.,10,гулять,бесплатно
Электрозаводская,Арбатско-Покровская линия,Открыта 18 января 1944 года. Архитекторы Б.М. Иофан и др. Пилоны с лампами-светильниками.,Электрозавод (историческое здание),Достопримечательность,Памятник промышленной архитектуры.,3,смотреть,средний
Электрозаводская,Арбатско-Покровская линия,Открыта 18 января 1944 года. Архитекторы Б.М. Иофан и др. Пилоны с лампами-светильниками.,Парк «Семёновский»,Парк,Небольшой парк с фонтаном.,6,гулять,бесплатно
Электрозаводская,Арбатско-Покровская линия,Открыта 18 января 1944 года. Архитекторы Б.М. Иофан и др. Пилоны с лампами-светильниками.,ТЦ «Электро»,ТЦ,ТЦ с техникой и товарами для дома.,4,смотреть,средний
Электрозаводская,Арбатско-Покровская линия,Открыта 18 января 1944 года. Архитекторы Б.М. Иофан и др. Пилоны с лампами-светильниками.,Храм Троицы Живоначальной в Семёновском,Храм,Старинный храм XVIII века.,8,смотреть,бесплатно
Семёновская,Арбатско-Покровская линия,Открыта 18 января 1944 года. До 1961 года — «Сталинская». Архитекторы Б.М. Иофан и др.,Парк «Семёновский»,Парк,Зелёная зона с прудом.,3,гулять,бесплатно
Семёновская,Арбатско-Покровская линия,Открыта 18 января 1944 года. До 1961 года — «Сталинская». Архитекторы Б.М. Иофан и др.,Ковровый комбинат (история),Достопримечательность,Бывший текстильный гигант.,5,смотреть,средний
Семёновская,Арбатско-Покровская линия,Открыта 18 января 1944 года. До 1961 года — «Сталинская». Архитекторы Б.М. Иофан и др.,Железнодорожный вокзал «Семёновская»,Транспортный узел,МЦК рядом.,4,смотреть,средний
Партизанская,Арбатско-Покровская линия,Открыта 18 января 1944 года. Изначально — «Измайловская». Архитектор Б.С. Виленский.,Измайловский парк культуры и отдыха,Парк,Огромный лесопарк. Шашлыки и лодки.,3,гулять,бесплатно
Партизанская,Арбатско-Покровская линия,Открыта 18 января 1944 года. Изначально — «Измайловская». Архитектор Б.С. Виленский.,Измайловский Кремль,Культура,Неоготический комплекс с музеями и блошиным рынком.,8,другое,средний
Партизанская,Арбатско-Покровская линия,Открыта 18 января 1944 года. Изначально — «Измайловская». Архитектор Б.С. Виленский.,Стадион «Измайлово»,Стадион,Спортивный комплекс.,6,смотреть,средний
Партизанская,Арбатско-Покровская линия,Открыта 18 января 1944 года. Изначально — «Измайловская». Архитектор Б.С. Виленский.,Серебряно-Виноградный пруд,Парк,Пруд в Измайловском парке.,5,гулять,бесплатно
Измайловская,Арбатско-Покровская линия,Открыта 15 октября 1961 года. Архитектор И.Г. Таранов. Колонны с дубовыми листьями.,Измайловский парк,Парк,Главный вход в парк.,2,гулять,бесплатно
Измайловская,Арбатско-Покровская линия,Открыта 15 октября 1961 года. Архитектор И.Г. Таранов. Колонны с дубовыми листьями.,Вернисаж в Измайлово,Рынок,Блошиный рынок. Матрёшки и сувениры.,5,есть,средний
Измайловская,Арбатско-Покровская линия,Открыта 15 октября 1961 года. Архитектор И.Г. Таранов. Колонны с дубовыми листьями.,Памятник актёрам «Сатирикона»,Памятник,Скульптура Константина Райкина.,7,смотреть,бесплатно
Первомайская,Арбатско-Покровская линия,Открыта 21 октября 1961 года. Старая станция глубокого заложения.,Измайловский парк (восточная часть),Парк,Лесопарк для прогулок.,4,гулять,бесплатно
Первомайская,Арбатско-Покровская линия,Открыта 21 октября 1961 года. Старая станция глубокого заложения.,Храм Спаса Преображения в Измайлове,Храм,Старинный храм XVII века.,6,смотреть,бесплатно
Первомайская,Арбатско-Покровская линия,Открыта 21 октября 1961 года. Старая станция глубокого заложения.,Улица Первомайская,Улица,Сталинская застройка.,2,гулять,бесплатно
Щёлковская,Арбатско-Покровская линия,Открыта 22 июля 1963 года. Архитекторы И.Г. Таранов и Н.А. Быкова. Конечная до 2012 года.,Парк «Сиреневый сад»,Парк,Уникальный парк с коллекцией сирени.,5,гулять,бесплатно
Щёлковская,Арбатско-Покровская линия,Открыта 22 июля 1963 года. Архитекторы И.Г. Таранов и Н.А. Быкова. Конечная до 2012 года.,ТРЦ «Щёлково»,ТЦ,Крупный ТЦ с кинотеатром.,3,смотреть,средний
Щёлковская,Арбатско-Покровская линия,Открыта 22 июля 1963 года. Архитекторы И.Г. Таранов и Н.А. Быкова. Конечная до 2012 года.,Храм Спаса Нерукотворного в Измайлове,Храм,Храм XVIII века.,8,смотреть,бесплатно
Щёлковская,Арбатско-Покровская линия,Открыта 22 июля 1963 года. Архитекторы И.Г. Таранов и Н.А. Быкова. Конечная до 2012 года.,Терлецкие пруды,Парк,Каскад прудов в лесопарке.,10,гулять,бесплатно
Окружная,МЦК,"Открыта 10 сентября 2016 года. Находится на месте исторической платформы ""Окружная"" Малого кольца МЖД (1908 г.). Переход на станцию метро ""Окружная"" Люблинско-Дмитровской линии.","Парк ""Окружной""",Парк,Благоустроенный парк с детскими площадками и спортивными зонами у станции.,5,гулять,бесплатно
Окружная,МЦК,"Открыта 10 сентября 2016 года. Находится на месте исторической платформы ""Окружная"" Малого кольца МЖД (1908 г.). Переход на станцию метро ""Окружная"" Люблинско-Дмитровской линии.","ТЦ ""Окружной""",ТЦ,Небольшой торговый центр с продуктовым магазином и кафе.,3,смотреть,средний
Окружная,МЦК,"Открыта 10 сентября 2016 года. Находится на месте исторической платформы ""Окружная"" Малого кольца МЖД (1908 г.). Переход на станцию метро ""Окружная"" Люблинско-Дмитровской линии.",Ж/д платформа Окружная Савёловского направления,Транспортный узел,Пересадка на пригородные электрички Савёловского направления.,2,смотреть,средний
Владыкино,МЦК,"Открыта 10 сентября 2016 года. Тёплый переход на станцию метро ""Владыкино"" Серпуховско-Тимирязевской линии. Один из крупнейших ТПУ на МЦК.","Станция метро ""Владыкино""",Транспортный узел,"Тёплый переход на Серпуховско-Тимирязевскую линию. Пересадка ""сухие ноги"".",1,смотреть,средний
Владыкино,МЦК,"Открыта 10 сентября 2016 года. Тёплый переход на станцию метро ""Владыкино"" Серпуховско-Тимирязевской линии. Один из крупнейших ТПУ на МЦК.","Ботанический сад МГУ ""Аптекарский огород"" (северный вход)",Ботанический сад,Старейший ботанический сад России. Коллекция растений и цветочные фестивали.,12,смотреть,средний
Владыкино,МЦК,"Открыта 10 сентября 2016 года. Тёплый переход на станцию метро ""Владыкино"" Серпуховско-Тимирязевской линии. Один из крупнейших ТПУ на МЦК.","Парк ""Владыкино""",Парк,Зелёная зона с прогулочными дорожками и детскими площадками.,6,гулять,бесплатно
Ботанический сад,МЦК,"Открыта 10 сентября 2016 года. Переход на станцию метро ""Ботанический сад"" Калужско-Рижской линии пешеходной галереей.",Главный ботанический сад им. Н.В. Цицина РАН,Ботанический сад,Крупнейший ботанический сад Европы. Оранжереи, дендрарий,смотреть,средний
Ботанический сад,МЦК,"Открыта 10 сентября 2016 года. Переход на станцию метро ""Ботанический сад"" Калужско-Рижской линии пешеходной галереей.","Станция метро ""Ботанический сад""",Транспортный узел,Пешеходная пересадка на Калужско-Рижскую линию. Удобный переход.,2,смотреть,средний
Ботанический сад,МЦК,"Открыта 10 сентября 2016 года. Переход на станцию метро ""Ботанический сад"" Калужско-Рижской линии пешеходной галереей.","Парк ""Отрадное""",Парк,Спокойный парк со спортивными площадками.,8,гулять,бесплатно
Ростокино,МЦК,"Открыта 10 сентября 2016 года. Находится на месте исторической станции ""Ярославская"" Малого кольца (1908 г.). Пересадка на платформу Северянин Ярославского направления.",Платформа Северянин (Ярославское направление),Транспортный узел,Пересадка на пригородные электрички Ярославского направления.,3,смотреть,средний
Ростокино,МЦК,"Открыта 10 сентября 2016 года. Находится на месте исторической станции ""Ярославская"" Малого кольца (1908 г.). Пересадка на платформу Северянин Ярославского направления.","ТРЦ ""XL"" (в пешей доступности)",ТЦ,Крупный торговый центр с гипермаркетом, кинотеатром и фуд-кортом.,смотреть,средний
Ростокино,МЦК,"Открыта 10 сентября 2016 года. Находится на месте исторической станции ""Ярославская"" Малого кольца (1908 г.). Пересадка на платформу Северянин Ярославского направления.","Парк ""Яуза""",Парк,Большая зелёная зона вдоль реки Яузы.,10,гулять,бесплатно
Белокаменная,МЦК,"Открыта 10 сентября 2016 года. Станция на территории национального парка ""Лосиный остров"". Здесь снимался эпизод фильма ""Когда деревья были большими"" в 1961 году [citation:2].","Национальный парк ""Лосиный остров""",Парк,Уникальный лесопарк в черте города. Экотропы, лоси,гулять,бесплатно
Белокаменная,МЦК,"Открыта 10 сентября 2016 года. Станция на территории национального парка ""Лосиный остров"". Здесь снимался эпизод фильма ""Когда деревья были большими"" в 1961 году [citation:2].",Водонапорная башня (башня-руина),Достопримечательность,Сохранившееся здание времён строительства Малого кольца 1908 года. Псевдоготический стиль.,4,смотреть,средний
Белокаменная,МЦК,"Открыта 10 сентября 2016 года. Станция на территории национального парка ""Лосиный остров"". Здесь снимался эпизод фильма ""Когда деревья были большими"" в 1961 году [citation:2].",Яузская аллея,Улица,Пешеходная аллея вдоль путей. Вход в лесопарк.,1,гулять,бесплатно
Бульвар Рокоссовского,МЦК,Открыта 10 сентября 2016 года. Названа по одноимённой станции метро. Пересадка на Сокольническую линию. У станции перехватывающая парковка.,"Станция метро ""Бульвар Рокоссовского""",Транспортный узел,Пересадка на Сокольническую линию метро. Пешеходная связь.,2,смотреть,средний
Бульвар Рокоссовского,МЦК,Открыта 10 сентября 2016 года. Названа по одноимённой станции метро. Пересадка на Сокольническую линию. У станции перехватывающая парковка.,"Парк ""Бульвар Рокоссовского""",Парк,Зелёная зона с прогулочными дорожками.,4,гулять,бесплатно
Бульвар Рокоссовского,МЦК,Открыта 10 сентября 2016 года. Названа по одноимённой станции метро. Пересадка на Сокольническую линию. У станции перехватывающая парковка.,"ТЦ ""Бульвар""",ТЦ,Торговый центр с продуктовым и кафе.,3,смотреть,средний
Локомотив,МЦК,"Открыта 10 сентября 2016 года. Названа по стадиону ""Локомотив"". Тёплый переход на станцию метро ""Черкизовская"" Сокольнической линии.","Стадион ""Локомотив"" (РЖД Арена)",Стадион,"Домашний стадион ФК ""Локомотив"". Вместимость более 27 000 зрителей.",5,смотреть,средний
Локомотив,МЦК,"Открыта 10 сентября 2016 года. Названа по стадиону ""Локомотив"". Тёплый переход на станцию метро ""Черкизовская"" Сокольнической линии.","Станция метро ""Черкизовская""",Транспортный узел,Тёплая пересадка на Сокольническую линию.,2,смотреть,средний
Локомотив,МЦК,"Открыта 10 сентября 2016 года. Названа по стадиону ""Локомотив"". Тёплый переход на станцию метро ""Черкизовская"" Сокольнической линии.","ТРЦ ""Город""",ТЦ,Крупный ТЦ с кинотеатром и фуд-кортом.,6,смотреть,средний
Локомотив,МЦК,"Открыта 10 сентября 2016 года. Названа по стадиону ""Локомотив"". Тёплый переход на станцию метро ""Черкизовская"" Сокольнической линии.",Черкизовский пруд,Парк,Большой пруд с прогулочной зоной.,10,гулять,бесплатно
Измайлово,МЦК,"Открыта 10 сентября 2016 года. Находится на месте исторической станции ""Измайловский парк"". Переход на станцию метро ""Партизанская"" Арбатско-Покровской линии.",Измайловский парк культуры и отдыха,Парк,Огромный лесопарк с аттракционами и лодочной станцией.,4,гулять,бесплатно
Измайлово,МЦК,"Открыта 10 сентября 2016 года. Находится на месте исторической станции ""Измайловский парк"". Переход на станцию метро ""Партизанская"" Арбатско-Покровской линии.",Измайловский Кремль,Культура,"Деревянный дворец в стиле средневековой Руси. Сувенирный рынок ""Вернисаж"".",6,другое,средний
Измайлово,МЦК,"Открыта 10 сентября 2016 года. Находится на месте исторической станции ""Измайловский парк"". Переход на станцию метро ""Партизанская"" Арбатско-Покровской линии.","Стадион ""Измайлово""",Стадион,Спортивный комплекс с крытой ареной.,8,смотреть,средний
Измайлово,МЦК,"Открыта 10 сентября 2016 года. Находится на месте исторической станции ""Измайловский парк"". Переход на станцию метро ""Партизанская"" Арбатско-Покровской линии.","Станция метро ""Партизанская""",Транспортный узел,Пересадка на синюю ветку.,3,смотреть,средний
Соколиная Гора,МЦК,Открыта 10 сентября 2016 года. Названа по исторической местности Соколиная Гора. Район бывших текстильных фабрик XIX-XX веков.,"Парк ""Соколиная Гора""",Парк,Зелёная зона с прогулочными аллеями.,3,гулять,бесплатно
Соколиная Гора,МЦК,Открыта 10 сентября 2016 года. Названа по исторической местности Соколиная Гора. Район бывших текстильных фабрик XIX-XX веков.,Храм Живоначальной Троицы на Соколиной Горе,Храм,Православный храм в неорусском стиле.,6,смотреть,бесплатно
Соколиная Гора,МЦК,Открыта 10 сентября 2016 года. Названа по исторической местности Соколиная Гора. Район бывших текстильных фабрик XIX-XX веков.,"ТЦ ""Семёновский""",ТЦ,Небольшой ТЦ с магазинами.,5,смотреть,средний
Шоссе Энтузиастов,МЦК,"Открыта 10 сентября 2016 года. Переход на станцию метро ""Шоссе Энтузиастов"" Калининско-Солнцевской линии.","Станция метро ""Шоссе Энтузиастов""",Транспортный узел,Пересадка на жёлтую ветку.,2,смотреть,средний
Шоссе Энтузиастов,МЦК,"Открыта 10 сентября 2016 года. Переход на станцию метро ""Шоссе Энтузиастов"" Калининско-Солнцевской линии.","Памятник ""Прощание славянки""",Памятник,Монумент в честь воинов-автомобилистов. Рядом ТЦ.,4,смотреть,бесплатно
Шоссе Энтузиастов,МЦК,"Открыта 10 сентября 2016 года. Переход на станцию метро ""Шоссе Энтузиастов"" Калининско-Солнцевской линии.","Стадион ""Авангард""",Стадион,Спортивная арена.,8,смотреть,средний
Андроновка,МЦК,Открыта 10 сентября 2016 года. Пересадка на платформу Фрезер Казанского направления МЖД. Названа по посёлку Андроновка.,Ж/д платформа Фрезер,Транспортный узел,Пересадка на электрички Казанского направления.,3,смотреть,средний
Андроновка,МЦК,Открыта 10 сентября 2016 года. Пересадка на платформу Фрезер Казанского направления МЖД. Названа по посёлку Андроновка.,"Парк ""Андроновка""",Парк,Небольшой парк у платформы.,4,гулять,бесплатно
Андроновка,МЦК,Открыта 10 сентября 2016 года. Пересадка на платформу Фрезер Казанского направления МЖД. Названа по посёлку Андроновка.,Андронов виадук,Мост,Исторический железнодорожный мост.,5,смотреть,бесплатно
Нижегородская,МЦК,"Открыта 10 сентября 2016 года. Один из крупнейших ТПУ Москвы. Пересадка на БКЛ и МЦД-4. Станция ранее называлась ""Рязанская"".","ТПУ ""Нижегородская"" (пересадка на метро и МЦД)",Транспортный узел,Пересадка на Большую кольцевую линию метро и МЦД-4.,1,смотреть,средний
Нижегородская,МЦК,"Открыта 10 сентября 2016 года. Один из крупнейших ТПУ Москвы. Пересадка на БКЛ и МЦД-4. Станция ранее называлась ""Рязанская"".","Парк ""Кузьминки-Люблино""",Парк,Усадебный парк с прудами и старинными постройками.,12,гулять,бесплатно
Нижегородская,МЦК,"Открыта 10 сентября 2016 года. Один из крупнейших ТПУ Москвы. Пересадка на БКЛ и МЦД-4. Станция ранее называлась ""Рязанская"".","ТЦ ""Нижегородский""",ТЦ,Торговый центр с продуктовым и кафе.,4,смотреть,средний
Новохохловская,МЦК,Открыта 10 сентября 2016 года. Пересадка на платформу Новохохловская Курского направления МЖД. Район бывших промышленных зон.,Ж/д платформа Новохохловская,Транспортный узел,Пересадка на электрички Курского направления.,2,смотреть,средний
Новохохловская,МЦК,Открыта 10 сентября 2016 года. Пересадка на платформу Новохохловская Курского направления МЖД. Район бывших промышленных зон.,"Парк ""Южный""",Парк,Зелёная зона с детскими площадками.,6,гулять,бесплатно
Новохохловская,МЦК,Открыта 10 сентября 2016 года. Пересадка на платформу Новохохловская Курского направления МЖД. Район бывших промышленных зон.,Храм Тихвинской иконы Божией Матери в Кожухове,Храм,Старинный храм XVIII века.,10,смотреть,бесплатно
Угрешская,МЦК,Открыта 10 сентября 2016 года. На станции сохранились исторические постройки МОЖД 1908 года: водонапорная башня в псевдоготическом стиле (ныне объект культурного наследия) [citation:3][citation:7].,Водонапорная башня (историческая),Достопримечательность,Красная кирпичная башня в неоготическом стиле. Построена в 1908 году. Памятник архитектуры.,1,смотреть,средний
Угрешская,МЦК,Открыта 10 сентября 2016 года. На станции сохранились исторические постройки МОЖД 1908 года: водонапорная башня в псевдоготическом стиле (ныне объект культурного наследия) [citation:3][citation:7].,Дома железнодорожников (исторические),Достопримечательность,Жилые дома для служащих МОЖД начала XX века. Модерн, красный кирпич.,смотреть,средний
Угрешская,МЦК,Открыта 10 сентября 2016 года. На станции сохранились исторические постройки МОЖД 1908 года: водонапорная башня в псевдоготическом стиле (ныне объект культурного наследия) [citation:3][citation:7].,"Парк ""Святой Руси"" (у храма)",Парк,Ухоженный парк у храмового комплекса.,8,гулять,бесплатно
Угрешская,МЦК,Открыта 10 сентября 2016 года. На станции сохранились исторические постройки МОЖД 1908 года: водонапорная башня в псевдоготическом стиле (ныне объект культурного наследия) [citation:3][citation:7].,Свято-Никольский храм в Кожухове,Храм,Православный храм, построенный в 1990-х.,смотреть,бесплатно
Дубровка,МЦК,"Открыта 4 ноября 2016 года. Пересадка на станцию метро ""Дубровка"" Люблинско-Дмитровской линии (тёплый контур).","Станция метро ""Дубровка""",Транспортный узел,Пересадка на Люблинско-Дмитровскую линию.,2,смотреть,средний
Дубровка,МЦК,"Открыта 4 ноября 2016 года. Пересадка на станцию метро ""Дубровка"" Люблинско-Дмитровской линии (тёплый контур).","Театр ""Школа современной пьесы""",Театр,Современный драматический театр.,8,смотреть,средний
Дубровка,МЦК,"Открыта 4 ноября 2016 года. Пересадка на станцию метро ""Дубровка"" Люблинско-Дмитровской линии (тёплый контур).","Парк ""Дубки""",Парк,Исторический парк с прудами.,7,гулять,бесплатно
Автозаводская,МЦК,"Открыта 10 сентября 2016 года. Пересадка на станцию ""Автозаводская"" Замоскворецкой линии метро.","Станция метро ""Автозаводская""",Транспортный узел,Пересадка на зелёную ветку.,2,смотреть,средний
Автозаводская,МЦК,"Открыта 10 сентября 2016 года. Пересадка на станцию ""Автозаводская"" Замоскворецкой линии метро.","Парк ""Тюфелева роща""",Парк,Современный парк на месте бывшего завода ЗИЛ.,8,гулять,бесплатно
Автозаводская,МЦК,"Открыта 10 сентября 2016 года. Пересадка на станцию ""Автозаводская"" Замоскворецкой линии метро.","ТРЦ ""Ривьера""",ТЦ,Крупный ТЦ с кинотеатром и фуд-кортом.,10,смотреть,средний
ЗИЛ,МЦК,Открыта 10 сентября 2016 года. Названа по Заводу имени Лихачёва (ЗИЛ). Станция расположена на территории бывшего автомобильного завода.,"Парк ""Тюфелева роща""",Парк,Ландшафтный парк на территории бывшей промзоны.,4,гулять,бесплатно
ЗИЛ,МЦК,Открыта 10 сентября 2016 года. Названа по Заводу имени Лихачёва (ЗИЛ). Станция расположена на территории бывшего автомобильного завода.,"Дворец спорта ""Парк Легенд""",Стадион,Спортивный комплекс с хоккейной ареной.,6,смотреть,средний
ЗИЛ,МЦК,Открыта 10 сентября 2016 года. Названа по Заводу имени Лихачёва (ЗИЛ). Станция расположена на территории бывшего автомобильного завода.,Набережная Марка Шагала,Набережная,Пешеходная набережная с видом на Москву-реку.,7,гулять,бесплатно
ЗИЛ,МЦК,Открыта 10 сентября 2016 года. Названа по Заводу имени Лихачёва (ЗИЛ). Станция расположена на территории бывшего автомобильного завода.,Бульвар Братьев Весниных,Улица,Пешеходный бульвар в современном жилом квартале.,5,гулять,бесплатно
Верхние Котлы,МЦК,"Открыта 10 сентября 2016 года. Пересадка на станцию метро ""Нагатинская"" Серпуховско-Тимирязевской линии (наземный переход).","Станция метро ""Нагатинская""",Транспортный узел,Пересадка на серую ветку.,3,смотреть,средний
Верхние Котлы,МЦК,"Открыта 10 сентября 2016 года. Пересадка на станцию метро ""Нагатинская"" Серпуховско-Тимирязевской линии (наземный переход).",Нагатинская пойма (парк 50-летия Октября),Парк,Скейт-парк, вейк-парк,гулять,бесплатно
Верхние Котлы,МЦК,"Открыта 10 сентября 2016 года. Пересадка на станцию метро ""Нагатинская"" Серпуховско-Тимирязевской линии (наземный переход).","Парк ""Садовники""",Парк,Большой парк с прудами.,12,гулять,бесплатно
Крымская,МЦК,"Открыта 10 сентября 2016 года. Названа по Крымскому валу. Станция находится рядом с парком искусств ""Музеон"".","Парк искусств ""Музеон""",Парк/Музей,Сад скульптур. Бюсты советских вождей и современные инсталляции.,5,другое,средний
Крымская,МЦК,"Открыта 10 сентября 2016 года. Названа по Крымскому валу. Станция находится рядом с парком искусств ""Музеон"".",Крымский мост (пешеходный),Мост,Вантовый мост через Москву-реку. Вид на Парк Горького.,6,смотреть,бесплатно
Крымская,МЦК,"Открыта 10 сентября 2016 года. Названа по Крымскому валу. Станция находится рядом с парком искусств ""Музеон"".",Центральный дом художника (Новая Третьяковка),Музей,Выставки современного искусства и авангарда.,7,смотреть,средний
Крымская,МЦК,"Открыта 10 сентября 2016 года. Названа по Крымскому валу. Станция находится рядом с парком искусств ""Музеон"".",Парк Горького (на противоположном берегу),Парк,Главный парк Москвы с набережной и фонтанами.,10,гулять,бесплатно
Площадь Гагарина,МЦК,"Открыта 10 сентября 2016 года. Единственная подземная станция МЦК. Переход на станцию метро ""Ленинский проспект"" Калужско-Рижской линии.","Станция метро ""Ленинский проспект""",Транспортный узел,Пересадка на Калужско-Рижскую линию.,2,смотреть,средний
Площадь Гагарина,МЦК,"Открыта 10 сентября 2016 года. Единственная подземная станция МЦК. Переход на станцию метро ""Ленинский проспект"" Калужско-Рижской линии.",Памятник Юрию Гагарину,Памятник,Огромный титановый монумент первому космонавту.,3,смотреть,бесплатно
Площадь Гагарина,МЦК,"Открыта 10 сентября 2016 года. Единственная подземная станция МЦК. Переход на станцию метро ""Ленинский проспект"" Калужско-Рижской линии.",Ленинский проспект,Улица,Главная магистраль Москвы. Здания сталинской эпохи.,1,гулять,бесплатно
Площадь Гагарина,МЦК,"Открыта 10 сентября 2016 года. Единственная подземная станция МЦК. Переход на станцию метро ""Ленинский проспект"" Калужско-Рижской линии.",Нескучный сад (южный вход),Парк,Старейший парк Москвы. Усадебные постройки.,15,гулять,бесплатно
Лужники,МЦК,"Открыта 10 сентября 2016 года. Пересадка на станцию метро ""Спортивная"" Сокольнической линии. Станция обслуживает стадион ""Лужники"".","Стадион ""Лужники""",Стадион,Главный стадион России. Финал ЧМ-2018. Красивая набережная.,3,смотреть,средний
Лужники,МЦК,"Открыта 10 сентября 2016 года. Пересадка на станцию метро ""Спортивная"" Сокольнической линии. Станция обслуживает стадион ""Лужники"".",Воробьёвы горы (смотровая площадка),Панорама,Лучший вид на Москву. Университет и река.,10,смотреть,средний
Лужники,МЦК,"Открыта 10 сентября 2016 года. Пересадка на станцию метро ""Спортивная"" Сокольнической линии. Станция обслуживает стадион ""Лужники"".","Парк ""Воробьёвы горы""",Парк,Канатная дорога через Москву-реку.,8,гулять,бесплатно
Лужники,МЦК,"Открыта 10 сентября 2016 года. Пересадка на станцию метро ""Спортивная"" Сокольнической линии. Станция обслуживает стадион ""Лужники"".",Новодевичий монастырь (вид с МЦК),Храм/Музей,Женский монастырь XVI века. Виден из окна поезда.,15,другое,средний
Кутузовская,МЦК,"Открыта 10 сентября 2016 года. Пересадка на станцию метро ""Кутузовская"" Филёвской линии и МЦД-4.","Станция метро ""Кутузовская""",Транспортный узел,Пересадка на Филёвскую линию и МЦД-4.,2,смотреть,средний
Кутузовская,МЦК,"Открыта 10 сентября 2016 года. Пересадка на станцию метро ""Кутузовская"" Филёвской линии и МЦД-4.",Парк Победы на Поклонной горе,Парк,Монумент Победы и музей ВОВ.,10,гулять,бесплатно
Кутузовская,МЦК,"Открыта 10 сентября 2016 года. Пересадка на станцию метро ""Кутузовская"" Филёвской линии и МЦД-4.",Бородинская панорама,Музей,Музей-панорама Бородинской битвы.,12,смотреть,средний
Кутузовская,МЦК,"Открыта 10 сентября 2016 года. Пересадка на станцию метро ""Кутузовская"" Филёвской линии и МЦД-4.","ТЦ ""Кутузовский""",ТЦ,Небольшой ТЦ у выхода.,3,смотреть,средний
Деловой центр,МЦК,"Открыта 10 сентября 2016 года. Станция находится вблизи Москвы-Сити. Переход на станцию ""Международная"" Филёвской линии.",Москва-Сити (башни),Панорама,"Деловой центр Москвы. Небоскрёбы ""Федерация"""," ""Око""",смотреть,средний
Деловой центр,МЦК,"Открыта 10 сентября 2016 года. Станция находится вблизи Москвы-Сити. Переход на станцию ""Международная"" Филёвской линии.",Набережная Тараса Шевченко,Набережная,"Прогулка вдоль Москвы-реки. Вид на гостиницу ""Украина"".",4,гулять,бесплатно
Деловой центр,МЦК,"Открыта 10 сентября 2016 года. Станция находится вблизи Москвы-Сити. Переход на станцию ""Международная"" Филёвской линии.",Пешеходный мост Багратион,Мост,Торгово-пешеходный мост над Москвой-рекой.,6,смотреть,бесплатно
Деловой центр,МЦК,"Открыта 10 сентября 2016 года. Станция находится вблизи Москвы-Сити. Переход на станцию ""Международная"" Филёвской линии.","Станция метро ""Международная""",Транспортный узел,Пересадка на Филёвскую линию.,3,смотреть,средний
Шелепиха,МЦК,"Открыта 10 сентября 2016 года. Пересадка на станцию метро ""Шелепиха"" (БКЛ) и ""Москва-Сити"" (МЦД-4).",Москва-Сити (с набережной),Панорама,Фотопанорама небоскрёбов с противоположного берега.,6,смотреть,средний
Шелепиха,МЦК,"Открыта 10 сентября 2016 года. Пересадка на станцию метро ""Шелепиха"" (БКЛ) и ""Москва-Сити"" (МЦД-4).","Парк ""Береговая""",Парк,Зелёная зона у набережной.,4,гулять,бесплатно
Шелепиха,МЦК,"Открыта 10 сентября 2016 года. Пересадка на станцию метро ""Шелепиха"" (БКЛ) и ""Москва-Сити"" (МЦД-4).","ТЦ ""Хорошевский""",ТЦ,Крупный ТЦ с гипермаркетом.,10,смотреть,средний
Хорошёво,МЦК,"Открыта 2 ноября 2016 года. Пересадка на станции метро ""Полежаевская"" (ТКЛ) и ""Хорошёвская"" (БКЛ).","Станция метро ""Хорошёвская""",Транспортный узел,Пересадка на Большую кольцевую линию.,2,смотреть,средний
Хорошёво,МЦК,"Открыта 2 ноября 2016 года. Пересадка на станции метро ""Полежаевская"" (ТКЛ) и ""Хорошёвская"" (БКЛ).","Парк ""Хорошёвский""",Парк,Спортивный парк с площадками.,5,гулять,бесплатно
Хорошёво,МЦК,"Открыта 2 ноября 2016 года. Пересадка на станции метро ""Полежаевская"" (ТКЛ) и ""Хорошёвская"" (БКЛ).",Храм Преображения Господня в Хорошёве,Храм,Старинный храм XVI века.,10,смотреть,бесплатно
Зорге,МЦК,Открыта 4 ноября 2016 года. Названа в честь разведчика Рихарда Зорге. Рядом находится улица Зорге.,"Станция метро ""Полежаевская"" (переход)",Транспортный узел,Пересадка через улицу.,5,смотреть,средний
Зорге,МЦК,Открыта 4 ноября 2016 года. Названа в честь разведчика Рихарда Зорге. Рядом находится улица Зорге.,"Парк ""Берёзовая роща""",Парк,Зелёная зона с прогулочными дорожками.,4,гулять,бесплатно
Зорге,МЦК,Открыта 4 ноября 2016 года. Названа в честь разведчика Рихарда Зорге. Рядом находится улица Зорге.,Улица Берзарина,Улица,Магазины и кафе.,3,гулять,бесплатно
Панфиловская,МЦК,Открыта 8 ноября 2016 года (последняя открытая станция МЦК) [citation:2]. Названа в честь генерала И.В. Панфилова.,"Станция метро ""Октябрьское поле""",Транспортный узел,Пересадка на Таганско-Краснопресненскую линию.,4,смотреть,средний
Панфиловская,МЦК,Открыта 8 ноября 2016 года (последняя открытая станция МЦК) [citation:2]. Названа в честь генерала И.В. Панфилова.,"Парк ""Народного Ополчения""",Парк,Большой парк с мемориалом.,6,гулять,бесплатно
Панфиловская,МЦК,Открыта 8 ноября 2016 года (последняя открытая станция МЦК) [citation:2]. Названа в честь генерала И.В. Панфилова.,"Мемориал ""Героям-панфиловцам""",Мемориал,Памятник воинам 316-й стрелковой дивизии.,5,другое,средний
Стрешнево,МЦК,Открыта 10 сентября 2016 года. Пересадка на платформу Стрешнево Рижского направления МЖД. У станции перехватывающая парковка.,Ж/д платформа Стрешнево,Транспортный узел,Пересадка на электрички Рижского направления.,2,смотреть,средний
Стрешнево,МЦК,Открыта 10 сентября 2016 года. Пересадка на платформу Стрешнево Рижского направления МЖД. У станции перехватывающая парковка.,"Парк ""Покровское-Стрешнево""",Парк,Лесопарк с усадьбой и прудами.,8,гулять,бесплатно
Стрешнево,МЦК,Открыта 10 сентября 2016 года. Пересадка на платформу Стрешнево Рижского направления МЖД. У станции перехватывающая парковка.,Храм Покрова в Красном селе,Храм,Старинный храм XVII века.,12,смотреть,бесплатно
Балтийская,МЦК,"Открыта 2 ноября 2016 года. Пересадка на станцию метро ""Войковская"" Замоскворецкой линии. У станции перехватывающая парковка.","Станция метро ""Войковская""",Транспортный узел,Пересадка на зелёную ветку.,3,смотреть,средний
Балтийская,МЦК,"Открыта 2 ноября 2016 года. Пересадка на станцию метро ""Войковская"" Замоскворецкой линии. У станции перехватывающая парковка.","ТЦ ""Метрополис""",ТЦ,Крупный ТЦ с кинотеатром IMAX.,8,смотреть,средний
Балтийская,МЦК,"Открыта 2 ноября 2016 года. Пересадка на станцию метро ""Войковская"" Замоскворецкой линии. У станции перехватывающая парковка.",Головинские пруды,Парк,Цепь прудов с прогулочными зонами.,10,гулять,бесплатно
Коптево,МЦК,"Открыта 2 ноября 2016 года. Названа по району Коптево. Рядом находится историческое здание в стиле модерн ""Дом с совой"".",Дом с совой (историческое здание),Достопримечательность,Памятник архитектуры начала XX века. Отреставрированный дом начальника службы тяги МОЖД.,5,смотреть,средний
Коптево,МЦК,"Открыта 2 ноября 2016 года. Названа по району Коптево. Рядом находится историческое здание в стиле модерн ""Дом с совой"".","Парк ""Коптево""",Парк,Зелёная зона с детской площадкой.,3,гулять,бесплатно
Коптево,МЦК,"Открыта 2 ноября 2016 года. Названа по району Коптево. Рядом находится историческое здание в стиле модерн ""Дом с совой"".","ТЦ ""Коптево""",ТЦ,Небольшой ТЦ с продуктовым.,4,смотреть,средний
Лихоборы,МЦК,Открыта 10 сентября 2016 года. Станция у локомотивного депо Лихоборы-Окружные. Историческая станция МОЖД 1908 года — центральная на северном участке.,Локомотивное депо Лихоборы-Окружные,Достопримечательность,Обслуживает поезда МЦК. Историческое здание начала XX века.,3,смотреть,средний
Лихоборы,МЦК,Открыта 10 сентября 2016 года. Станция у локомотивного депо Лихоборы-Окружные. Историческая станция МОЖД 1908 года — центральная на северном участке.,Исторический комплекс станции Лихоборы,Достопримечательность,Здания в стиле модерн архитектора Померанцева. Клуб железнодорожников.,2,смотреть,средний
Лихоборы,МЦК,Открыта 10 сентября 2016 года. Станция у локомотивного депо Лихоборы-Окружные. Историческая станция МОЖД 1908 года — центральная на северном участке.,Платформа НАТИ Ленинградского направления,Транспортный узел,Пересадка на электрички Ленинградского направления.,4,смотреть,средний
Лихоборы,МЦК,Открыта 10 сентября 2016 года. Станция у локомотивного депо Лихоборы-Окружные. Историческая станция МОЖД 1908 года — центральная на северном участке.,"Парк ""Лихоборы""",Парк,Зелёная зона у путей.,6,гулять,бесплатно
Савёловская,Большая кольцевая линия,Открыта 30 декабря 2018 года. Архитекторы: А.Некрасов и др. Одна из трёх самых глубоких станций БКЛ (65 м). Пилоны покрыты прозрачными панелями — эффект стеклянного тоннеля. Пересадка на станции «Савёловская» Серпуховско-Тимирязевской линии и МЦД-4.,Савёловский вокзал,Транспортный узел,Вокзал поездов и электричек на северные направления. Аэроэкспресс в Шереметьево.,1,смотреть,средний
Савёловская,Большая кольцевая линия,Открыта 30 декабря 2018 года. Архитекторы: А.Некрасов и др. Одна из трёх самых глубоких станций БКЛ (65 м). Пилоны покрыты прозрачными панелями — эффект стеклянного тоннеля. Пересадка на станции «Савёловская» Серпуховско-Тимирязевской линии и МЦД-4.,Дизайн-завод «Флакон»,Культурный центр,Креативное пространство на территории бывшего хрустального завода. Шоурумы, кафе,другое,средний
Савёловская,Большая кольцевая линия,Открыта 30 декабря 2018 года. Архитекторы: А.Некрасов и др. Одна из трёх самых глубоких станций БКЛ (65 м). Пилоны покрыты прозрачными панелями — эффект стеклянного тоннеля. Пересадка на станции «Савёловская» Серпуховско-Тимирязевской линии и МЦД-4.,«Хлебозавод №9»,Культурный центр,Бывший хлебозавод-автомат 1930-х годов. Современное общественное пространство.,18,другое,средний
Петровский парк,Большая кольцевая линия,Открыта 26 февраля 2018 года. Архитекторы: Н.Шумаков и др. Колонная станция мелкого заложения (25 м). Названа по историческому Петровскому парку. Пересадка на станцию «Динамо» Замоскворецкой линии.,Петровский парк,Парк,Исторический пейзажный парк XIX века. Аллеи, пруды,гулять,бесплатно
Петровский парк,Большая кольцевая линия,Открыта 26 февраля 2018 года. Архитекторы: Н.Шумаков и др. Колонная станция мелкого заложения (25 м). Названа по историческому Петровскому парку. Пересадка на станцию «Динамо» Замоскворецкой линии.,ВТБ Арена (стадион «Динамо»),Стадион,Обновлённый стадион с подогреваемыми сиденьями. Музей Льва Яшина.,2,смотреть,средний
Петровский парк,Большая кольцевая линия,Открыта 26 февраля 2018 года. Архитекторы: Н.Шумаков и др. Колонная станция мелкого заложения (25 м). Названа по историческому Петровскому парку. Пересадка на станцию «Динамо» Замоскворецкой линии.,Петровский путевой дворец,Достопримечательность,Дворец XVIII века в стиле псевдоготики. Сейчас — гостиница и музей.,6,смотреть,средний
ЦСКА,Большая кольцевая линия,Открыта 26 февраля 2018 года. Архитекторы: Р.Сыркова и др. Станция оформлена в спортивном стиле: красный и синий цвета клуба + бронзовые скульптуры спортсменов.,Парк «Ходынское поле»,Парк,Современное парковое пространство с фонтанами, скейт-парком и велодорожками.,гулять,бесплатно
ЦСКА,Большая кольцевая линия,Открыта 26 февраля 2018 года. Архитекторы: Р.Сыркова и др. Станция оформлена в спортивном стиле: красный и синий цвета клуба + бронзовые скульптуры спортсменов.,Дворец спорта «Мегаспорт»,Спорткомплекс,Крупная ледовая арена. Матчи хоккейного ЦСКА и концерты.,6,смотреть,средний
ЦСКА,Большая кольцевая линия,Открыта 26 февраля 2018 года. Архитекторы: Р.Сыркова и др. Станция оформлена в спортивном стиле: красный и синий цвета клуба + бронзовые скульптуры спортсменов.,ТЦ «Авиапарк»,ТЦ,Один из крупнейших ТЦ Европы. Океанариум и фуд-корт.,12,смотреть,средний
Хорошёвская,Большая кольцевая линия,Открыта 26 февраля 2018 года. Архитекторы: Н.Шумаков и др. Отделка белым и фиолетовым мрамором. Пересадка на станции «Полежаевская» (ТКЛ) и «Хорошёво» (МЦК).,Парк «Березовая роща»,Парк,Зелёная зона с прогулочными дорожками и детскими площадками.,14,гулять,бесплатно
Хорошёвская,Большая кольцевая линия,Открыта 26 февраля 2018 года. Архитекторы: Н.Шумаков и др. Отделка белым и фиолетовым мрамором. Пересадка на станции «Полежаевская» (ТКЛ) и «Хорошёво» (МЦК).,Москва-Сити (вид с Хорошёвского шоссе),Панорама,Панорамный вид на башни делового центра Москва-Сити.,8,смотреть,средний
Хорошёвская,Большая кольцевая линия,Открыта 26 февраля 2018 года. Архитекторы: Н.Шумаков и др. Отделка белым и фиолетовым мрамором. Пересадка на станции «Полежаевская» (ТКЛ) и «Хорошёво» (МЦК).,Хорошёвский пруд,Парк,Пруд с прогулочной зоной.,5,гулять,бесплатно
Народное Ополчение,Большая кольцевая линия,Открыта 1 апреля 2021 года. Архитекторы: А.Некрасов и др. Названа по улице Народного Ополчения. Вестибюль украшен мозаикой в честь защитников Москвы.,Карамышевская набережная,Набережная,Набережная Москвы-реки с прогулочными зонами и скамейками.,13,гулять,бесплатно
Народное Ополчение,Большая кольцевая линия,Открыта 1 апреля 2021 года. Архитекторы: А.Некрасов и др. Названа по улице Народного Ополчения. Вестибюль украшен мозаикой в честь защитников Москвы.,Парк «Береговая»,Парк,Зелёная зона у набережной.,5,гулять,бесплатно
Народное Ополчение,Большая кольцевая линия,Открыта 1 апреля 2021 года. Архитекторы: А.Некрасов и др. Названа по улице Народного Ополчения. Вестибюль украшен мозаикой в честь защитников Москвы.,Храм Героя России Александра Посаженникова,Храм,Современный храм-памятник.,10,смотреть,бесплатно
Мнёвники,Большая кольцевая линия,Открыта 1 апреля 2021 года. Архитекторы: А.Некрасов и др. Дизайн в стиле авангард с отсылкой к «Красному квадрату» Малевича. Красные балки в наклонном ходе. Атриум с естественным освещением.,Природно-исторический парк «Москворецкий»,Парк,Самая большая природная территория Москвы. Можно покормить белок и птиц.,10,гулять,бесплатно
Мнёвники,Большая кольцевая линия,Открыта 1 апреля 2021 года. Архитекторы: А.Некрасов и др. Дизайн в стиле авангард с отсылкой к «Красному квадрату» Малевича. Красные балки в наклонном ходе. Атриум с естественным освещением.,Карамышевская ГЭС,Достопримечательность,Гидроэлектростанция на Москве-реке. Интересный инженерный объект.,20,смотреть,средний
Терехово,Большая кольцевая линия,Открыта 7 декабря 2021 года. Архитекторы: А.Некрасов и др. Станция с береговыми платформами — редкость для московского метро.,Природно-исторический парк «Москворецкий»,Парк,Лесопарк с экотропами. Крупнейшая зелёная зона в этом районе.,31,гулять,бесплатно
Кунцевская,Большая кольцевая линия,Открыта 7 декабря 2021 года. Архитекторы: А.Некрасов и др. Пересадка на станции «Кунцевская» Арбатско-Покровской и Филёвской линий. Оформили зелёными холмами-амфитеатром.,Можайский парк,Парк,Зелёная зона с прогулочными дорожками и спортивными площадками.,13,гулять,бесплатно
Кунцевская,Большая кольцевая линия,Открыта 7 декабря 2021 года. Архитекторы: А.Некрасов и др. Пересадка на станции «Кунцевская» Арбатско-Покровской и Филёвской линий. Оформили зелёными холмами-амфитеатром.,Сквер у Кунцевской,Парк,Общественное пространство со скамейками и деревьями.,3,гулять,бесплатно
Давыдково,Большая кольцевая линия,Открыта 7 декабря 2021 года. Архитекторы: А.Некрасов и др. Двухпролётная станция с береговыми платформами. Названа по району Давыдково.,Природный заказник «Долина реки Сетунь»,Заказник,Крупная природная зона с рекой и лесными массивами.,6,гулять,бесплатно
Давыдково,Большая кольцевая линия,Открыта 7 декабря 2021 года. Архитекторы: А.Некрасов и др. Двухпролётная станция с береговыми платформами. Названа по району Давыдково.,Пруд «Пятачок» (в заказнике),Парк,Небольшой пруд в долине реки Сетунь. Утки и тишина.,8,гулять,бесплатно
Давыдково,Большая кольцевая линия,Открыта 7 декабря 2021 года. Архитекторы: А.Некрасов и др. Двухпролётная станция с береговыми платформами. Названа по району Давыдково.,Арт-пространство «Галерея Давыдково»,Культура,Галерея с временными экспозициями и мероприятиями.,10,другое,средний
Аминьевская,Большая кольцевая линия,Открыта 7 декабря 2021 года. Архитекторы: А.Некрасов и др. Пересадка на остановку МЦД-4. Названа по Аминьевскмоу шоссе.,Круглый дом на Нежинской,Достопримечательность,Первое в Москве здание в форме «бублика». Необычный архитектурный объект.,17,смотреть,средний
Аминьевская,Большая кольцевая линия,Открыта 7 декабря 2021 года. Архитекторы: А.Некрасов и др. Пересадка на остановку МЦД-4. Названа по Аминьевскмоу шоссе.,Парк 70-летия Победы (Аминьево),Парк,Зелёная зона с мемориалом.,8,гулять,бесплатно
Мичуринский проспект,Большая кольцевая линия,Открыта 7 декабря 2021 года. Архитекторы: А.Некрасов и др. Назван в честь биолога Ивана Мичурина. Пересадка на одноимённую станцу Калининско-Солнцевской линии.,Парк «Событие»,Парк,Современный парк с прогулочной зоной и фонтанами.,3,гулять,бесплатно
Мичуринский проспект,Большая кольцевая линия,Открыта 7 декабря 2021 года. Архитекторы: А.Некрасов и др. Назван в честь биолога Ивана Мичурина. Пересадка на одноимённую станцу Калининско-Солнцевской линии.,Новые Олимпийские пруды,Парк,Каскад прудов с ухоженными дорожками.,6,гулять,бесплатно
Мичуринский проспект,Большая кольцевая линия,Открыта 7 декабря 2021 года. Архитекторы: А.Некрасов и др. Назван в честь биолога Ивана Мичурина. Пересадка на одноимённую станцу Калининско-Солнцевской линии.,Парк Олимпийской деревни,Парк,Зелёная зона у бывшей Олимпийской деревни 1980 года.,18,гулять,бесплатно
Проспект Вернадского,Большая кольцевая линия,Открыта 7 декабря 2021 года. Архитекторы: А.Некрасов и др. Пересадка на одноимённую станцию Сокольнической линии (наземный переход).,Парк 50-летия Октября,Парк,Большой парк с прудами и аллеями. Популярен у жителей.,1,гулять,бесплатно
Проспект Вернадского,Большая кольцевая линия,Открыта 7 декабря 2021 года. Архитекторы: А.Некрасов и др. Пересадка на одноимённую станцию Сокольнической линии (наземный переход).,Парк «Удальцовские пруды»,Парк,Каскад прудов с прогулочной зоной.,6,гулять,бесплатно
Проспект Вернадского,Большая кольцевая линия,Открыта 7 декабря 2021 года. Архитекторы: А.Некрасов и др. Пересадка на одноимённую станцию Сокольнической линии (наземный переход).,Ландшафтный заказник «Долина реки Раменки»,Заказник,Природная зона с ручьём и лесными участками.,7,гулять,бесплатно
Новаторская,Большая кольцевая линия,Открыта 7 декабря 2021 года. Архитекторы: А.Некрасов и др. Уникальный подвесной потолок из пластин многослойного стекла оранжевых тонов — первая отделка потолка стеклом в московском метро.,Воронцовский парк,Парк/Усадьба,Садово-парковый ансамбль XVIII века. Пруды, старинная усадьба,другое,средний
Новаторская,Большая кольцевая линия,Открыта 7 декабря 2021 года. Архитекторы: А.Некрасов и др. Уникальный подвесной потолок из пластин многослойного стекла оранжевых тонов — первая отделка потолка стеклом в московском метро.,Воронцовские пруды,Парк,Пять прудов в историческом парке. Место для спокойных прогулок.,10,гулять,бесплатно
Воронцовская,Большая кольцевая линия,Открыта 7 декабря 2021 года. Архитекторы: А.Некрасов и др. Переход на станцию «Калужская» Калужско-Рижской линии (наземный переход).,Воронцовский парк,Парк/Усадьба,Дворянская усадьба XVIII века. Пруды, храм,другое,средний
Воронцовская,Большая кольцевая линия,Открыта 7 декабря 2021 года. Архитекторы: А.Некрасов и др. Переход на станцию «Калужская» Калужско-Рижской линии (наземный переход).,Калужская площадь,Площадь,Крупная транспортная развязка.,2,смотреть,бесплатно
Зюзино,Большая кольцевая линия,Открыта 7 декабря 2021 года. Архитекторы: А.Некрасов и др. Названа по району Зюзино. Двухпролётная станция.,Парк «Зюзино»,Парк,Ухоженный парк с прогулочными дорожками и детскими площадками.,12,гулять,бесплатно
Зюзино,Большая кольцевая линия,Открыта 7 декабря 2021 года. Архитекторы: А.Некрасов и др. Названа по району Зюзино. Двухпролётная станция.,Битцевский лес (Битцевский парк),Парк,Огромный лесопарк с экотропами. Отличное место для бега и прогулок.,13,гулять,бесплатно
Зюзино,Большая кольцевая линия,Открыта 7 декабря 2021 года. Архитекторы: А.Некрасов и др. Названа по району Зюзино. Двухпролётная станция.,Парк 70-летия Победы (Зюзино),Парк,Зелёная зона с мемориалом.,15,гулять,бесплатно
Каховская,Большая кольцевая линия,Открыта 11 августа 1969 года. Изначально входила в Каховскую линию (открыта 1969, закрыта 2019). Одна из самых старых станций БКЛ по конструкции. Пересадка на «Севастопольскую» Серпуховско-Тимирязевской линии.,Парк «Два медведя»,Парк,Спокойный парк со спортивными площадками.,другое,средний
Каховская,Большая кольцевая линия,Открыта 11 августа 1969 года. Изначально входила в Каховскую линию (открыта 1969, закрыта 2019). Одна из самых старых станций БКЛ по конструкции. Пересадка на «Севастопольскую» Серпуховско-Тимирязевской линии.,Севастопольский проспект,Улица,Оживлённая магистраль.,другое,средний
Варшавская,Большая кольцевая линия,Открыта 11 августа 1969 года. Изначально входила в Каховскую линию. Архитекторы Н.Демчинский и др. Колонная станция с реконструкцией в 2023 году.,Чонгарский бульвар,Улица/Парк,Бульвар с прогулочной зоной и скамейками.,7,гулять,средний
Варшавская,Большая кольцевая линия,Открыта 11 августа 1969 года. Изначально входила в Каховскую линию. Архитекторы Н.Демчинский и др. Колонная станция с реконструкцией в 2023 году.,Черноморский бульвар,Улица/Парк,Зелёный бульвар с прудом.,16,гулять,средний
Каширская,Большая кольцевая линия,Открыта 11 августа 1969 года. Изначально входила в Каховскую линию. Пересадка на одноимённую станцию Замоскворецкой линии.,Музей-заповедник «Коломенское»,Усадьба/Парк,Бывшая царская резиденция. Церковь Вознесения — объект ЮНЕСКО.,4,другое,средний
Каширская,Большая кольцевая линия,Открыта 11 августа 1969 года. Изначально входила в Каховскую линию. Пересадка на одноимённую станцию Замоскворецкой линии.,Дворец царя Алексея Михайловича,Музей,Историческая реконструкция деревянного дворца XVII века.,8,смотреть,средний
Каширская,Большая кольцевая линия,Открыта 11 августа 1969 года. Изначально входила в Каховскую линию. Пересадка на одноимённую станцию Замоскворецкой линии.,Парк «Садовники»,Парк,Большой парк с прудами.,12,гулять,бесплатно
Кленовый бульвар,Большая кольцевая линия,Открыта 1 марта 2023 года. Архитекторы: А.Некрасов и др. Названа по расположению на Кленовом бульваре. Станция с береговыми платформами.,Музей-заповедник «Коломенское» (южный вход),Усадьба/Парк,Огромный парк с историческими постройками. Усадьбы кузнеца и крестьянина — музей деревянного зодчества.,15,другое,средний
Кленовый бульвар,Большая кольцевая линия,Открыта 1 марта 2023 года. Архитекторы: А.Некрасов и др. Названа по расположению на Кленовом бульваре. Станция с береговыми платформами.,Выставочный центр «Атриум» в Коломенском,Выставочный центр,Выставки современного искусства внутри парка.,18,другое,средний
Нагатинский Затон,Большая кольцевая линия,Открыта 1 марта 2023 года. Архитекторы: А.Некрасов и др. Оформление посвящено обитателям рек и озёр — мозаичные панно с рыбами. Станция названа по району Нагатинский Затон.,Коломенская набережная,Набережная,Пешеходная набережная Москвы-реки. Отличный вид на музей-заповедник.,5,гулять,бесплатно
Нагатинский Затон,Большая кольцевая линия,Открыта 1 марта 2023 года. Архитекторы: А.Некрасов и др. Оформление посвящено обитателям рек и озёр — мозаичные панно с рыбами. Станция названа по району Нагатинский Затон.,Парк «Нагатинская пойма»,Парк,Скейт-парк, вейк-парк,гулять,бесплатно
Печатники,Большая кольцевая линия,Открыта 1 марта 2023 года. Архитекторы: А.Некрасов и др. Пересадка на одноимённую станцию Люблинско-Дмитровской линии.,Парк «Печатники»,Парк,Современное парковое пространство с амфитеатром, фонтанами и пирсом.,гулять,бесплатно
Печатники,Большая кольцевая линия,Открыта 1 марта 2023 года. Архитекторы: А.Некрасов и др. Пересадка на одноимённую станцию Люблинско-Дмитровской линии.,Музей-усадьба «Люблино»,Усадьба/Музей,Усадьба Дурасова XVIII века. Архитектура, парк и пруды.,другое,средний
Печатники,Большая кольцевая линия,Открыта 1 марта 2023 года. Архитекторы: А.Некрасов и др. Пересадка на одноимённую станцию Люблинско-Дмитровской линии.,Люблинский парк,Парк,Большой парк с аттракционами и прудами.,10,гулять,бесплатно
Текстильщики,Большая кольцевая линия,Открыта 1 марта 2023 года. Архитекторы: А.Некрасов и др. Пересадка на одноимённую станцию Таганско-Краснопресненской линии.,Культурный центр «Москвич»,Культурный центр,Бывший ДК завода «Москвич». Кинотеатр, музеи,другое,средний
Текстильщики,Большая кольцевая линия,Открыта 1 марта 2023 года. Архитекторы: А.Некрасов и др. Пересадка на одноимённую станцию Таганско-Краснопресненской линии.,Пруд Садки (Люблинский парк),Парк,Большой пруд с прогулочной зоной.,5,гулять,бесплатно
Текстильщики,Большая кольцевая линия,Открыта 1 марта 2023 года. Архитекторы: А.Некрасов и др. Пересадка на одноимённую станцию Таганско-Краснопресненской линии.,Технополис «Москва»,Технопарк,Крупный инновационный парк на месте бывшего завода.,12,другое,средний
Нижегородская,Большая кольцевая линия,Открыта 27 марта 2020 года. Архитекторы: А.Некрасов и др. Огромный ТПУ с пересадками на МЦК и МЦД-4. Одна из самых больших станций БКЛ.,Народный парк «Карачарово»,Парк,Зелёная зона в спальном районе.,18,гулять,бесплатно
Нижегородская,Большая кольцевая линия,Открыта 27 марта 2020 года. Архитекторы: А.Некрасов и др. Огромный ТПУ с пересадками на МЦК и МЦД-4. Одна из самых больших станций БКЛ.,Парк «Кузьминки-Люблино»,Парк,Усадьба Голицыных. Пруды и старинная церковь.,15,гулять,бесплатно
Авиамоторная,Большая кольцевая линия,Открыта 27 марта 2020 года. Архитекторы: А.Некрасов и др. Пересадка на одноимённую станцию Калининской линии.,Парк 65-летия Победы,Парк,Мемориальный парк с аллеями и велодорожками.,7,гулять,бесплатно
Авиамоторная,Большая кольцевая линия,Открыта 27 марта 2020 года. Архитекторы: А.Некрасов и др. Пересадка на одноимённую станцию Калининской линии.,Музей кочевой культуры,Музей,Уникальный музей о жизни кочевников: юрты, яранги,смотреть,средний
Авиамоторная,Большая кольцевая линия,Открыта 27 марта 2020 года. Архитекторы: А.Некрасов и др. Пересадка на одноимённую станцию Калининской линии.,Лефортовский парк,Парк,Старейший парк Москвы — «Версаль на Яузе».,14,гулять,бесплатно
Лефортово,Большая кольцевая линия,Открыта 27 марта 2020 года. Архитекторы: А.Некрасов и др. Дизайн вдохновлён Лефортовским дворцом: гравюры на стенах.,Лефортовский парк,Парк,Пейзажный парк XVIII века. Пруды, гроты,гулять,бесплатно
Лефортово,Большая кольцевая линия,Открыта 27 марта 2020 года. Архитекторы: А.Некрасов и др. Дизайн вдохновлён Лефортовским дворцом: гравюры на стенах.,Екатерининский дворец (Лефортово),Дворец/Музей,Дворец в стиле елизаветинского барокко. Кадетский корпус и музей.,11,другое,средний
Лефортово,Большая кольцевая линия,Открыта 27 марта 2020 года. Архитекторы: А.Некрасов и др. Дизайн вдохновлён Лефортовским дворцом: гравюры на стенах.,Музей истории Лефортово,Музей,Музей, посвящённый истории района и Балтийского флота.,смотреть,средний
Электрозаводская,Большая кольцевая линия,Открыта 31 декабря 2020 года. Архитекторы: А.Некрасов и др. С панорамой «Битва героев» художника Александра Рукавишникова длиной 163 метра — крупнейшее панно в метро. Переход на станцию «Электрозаводская» Арбатско-Покровской линии.,Театрально-концертный зал «Дворец на Яузе»,Театр,Один из лучших театрально-концертных залов Москвы.,5,смотреть,средний
Электрозаводская,Большая кольцевая линия,Открыта 31 декабря 2020 года. Архитекторы: А.Некрасов и др. С панорамой «Битва героев» художника Александра Рукавишникова длиной 163 метра — крупнейшее панно в метро. Переход на станцию «Электрозаводская» Арбатско-Покровской линии.,Семёновский парк,Парк,Зелёная зона с фонтаном и прудом.,13,гулять,бесплатно
Электрозаводская,Большая кольцевая линия,Открыта 31 декабря 2020 года. Архитекторы: А.Некрасов и др. С панорамой «Битва героев» художника Александра Рукавишникова длиной 163 метра — крупнейшее панно в метро. Переход на станцию «Электрозаводская» Арбатско-Покровской линии.,Московский политехнический университет,Учебное заведение,Здание университета с богатой историей.,5,смотреть,средний
Сокольники,Большая кольцевая линия,Открыта 1 марта 2023 года. Архитекторы: А.Некрасов и др. Оформление посвящено строителям метро: на путевых стенах — изображения первых строителей и фрагменты плакатов 1930-х годов. Пересадка на станцию «Сокольники» Сокольнической линии.,Парк «Сокольники»,Парк,Огромная зелёная зона Европы. Царская соколиная охота, велодорожки,гулять,бесплатно
Сокольники,Большая кольцевая линия,Открыта 1 марта 2023 года. Архитекторы: А.Некрасов и др. Оформление посвящено строителям метро: на путевых стенах — изображения первых строителей и фрагменты плакатов 1930-х годов. Пересадка на станцию «Сокольники» Сокольнической линии.,Дом культуры имени Русакова,Театр/Культура,Памятник конструктивизма. Клуб-пропеллер архитектора Мельникова.,7,другое,средний
Рижская,Большая кольцевая линия,Открыта 1 марта 2023 года. Одна из трёх самых глубоких станций БКЛ (63,5 м). Архитектурный элемент — сверкающие арочные порталы из нержавеющей стали, символизирующие въезд в город. Пересадка на станцию «Рижская» Калужско-Рижской линии.,Рижский вокзал,Транспортный узел,другое,средний
Рижская,Большая кольцевая линия,Открыта 1 марта 2023 года. Одна из трёх самых глубоких станций БКЛ (63,5 м). Архитектурный элемент — сверкающие арочные порталы из нержавеющей стали, символизирующие въезд в город. Пересадка на станцию «Рижская» Калужско-Рижской линии.,Рижский рынок,Рынок,другое,средний
Рижская,Большая кольцевая линия,Открыта 1 марта 2023 года. Одна из трёх самых глубоких станций БКЛ (63,5 м). Архитектурный элемент — сверкающие арочные порталы из нержавеющей стали, символизирующие въезд в город. Пересадка на станцию «Рижская» Калужско-Рижской линии.,Храм Иконы Божией Матери «Знамение»,Храм,другое,средний
Марьина Роща,Большая кольцевая линия,Открыта 1 марта 2023 года. Самая глубокая станция БКЛ (74 м). Самый длинный эскалатор в Москве — 130 метров. Архитектура ассоциируется с усадебным убранством. Тюбинги чугунные — необлицованные, под стеклом.,Детский парк «Фестивальный»,Парк,Парк с фонтанами,другое,средний
Марьина Роща,Большая кольцевая линия,Открыта 1 марта 2023 года. Самая глубокая станция БКЛ (74 м). Самый длинный эскалатор в Москве — 130 метров. Архитектура ассоциируется с усадебным убранством. Тюбинги чугунные — необлицованные, под стеклом.,Еврейский музей и центр толерантности,Музей,Крупнейший еврейский музей в мире. Интерактивные экспозиции.,другое,средний
Бульвар Карбышева (условно — будущее),Большая кольцевая линия,Станция БКЛ не представлена; в реестре 31 станция.,—,—,—,—,другое,средний
Физтех,Люблинско-Дмитровская линия,Открыта 7 сентября 2023 года. Архитекторы: Н.Шумаков и А.Некрасов. Названа в честь МФТИ. Оформление в стиле «сталинского авангардизма», путевые стены украшены конструкцией из нержавеющей трубы в виде электромагнитной волны.,Московский физико-технический институт (МФТИ),Учебное заведение,Легендарный технический вуз — «Физтех». Кампус и корпуса института.,другое,средний
Физтех,Люблинско-Дмитровская линия,Открыта 7 сентября 2023 года. Архитекторы: Н.Шумаков и А.Некрасов. Названа в честь МФТИ. Оформление в стиле «сталинского авангардизма», путевые стены украшены конструкцией из нержавеющей трубы в виде электромагнитной волны.,Парк «Северный»,Парк,Зелёная зона в районе Северный. Место для прогулок.,другое,средний
Физтех,Люблинско-Дмитровская линия,Открыта 7 сентября 2023 года. Архитекторы: Н.Шумаков и А.Некрасов. Названа в честь МФТИ. Оформление в стиле «сталинского авангардизма», путевые стены украшены конструкцией из нержавеющей трубы в виде электромагнитной волны.,Дмитровское шоссе (благоустроенная зона),Улица,Широкая магистраль с пешеходными зонами.,другое,средний
Лианозово,Люблинско-Дмитровская линия,Открыта 7 сентября 2023 года. Архитекторы: Н.Шумаков и А.Некрасов. Станция мелкого заложения у пересечения Дмитровского шоссе и МЦД-1. Пересадка на одноимённую платформу МЦД-1.,ТПУ «Лианозово» (пересадка на МЦД-1),Транспортный узел,Удобная пересадка на Белорусско-Савёловский диаметр.,1,смотреть,средний
Лианозово,Люблинско-Дмитровская линия,Открыта 7 сентября 2023 года. Архитекторы: Н.Шумаков и А.Некрасов. Станция мелкого заложения у пересечения Дмитровского шоссе и МЦД-1. Пересадка на одноимённую платформу МЦД-1.,Лианозовский парк культуры и отдыха,Парк,Крупный парк с аттракционами, прудами и лыжной трассой.,гулять,бесплатно
Лианозово,Люблинско-Дмитровская линия,Открыта 7 сентября 2023 года. Архитекторы: Н.Шумаков и А.Некрасов. Станция мелкого заложения у пересечения Дмитровского шоссе и МЦД-1. Пересадка на одноимённую платформу МЦД-1.,Усадьба Алтуфьево,Усадьба/Музей,Восстановленная усадьба XVIII века с прудами и храмом.,12,другое,средний
Яхромская,Люблинско-Дмитровская линия,Открыта 7 сентября 2023 года. Архитекторы: Н.Шумаков и А.Некрасов. Главный элемент оформления — гигантское фотопанно «800-летие Москвы» (163×5 м) работы Александра Рукавишникова.,Фотопанно «800-летие Москвы»,Достопримечательность,Огромное панно из 111 панелей с архивными фотографиями 1947 года: эстафеты, парады,смотреть,средний
Яхромская,Люблинско-Дмитровская линия,Открыта 7 сентября 2023 года. Архитекторы: Н.Шумаков и А.Некрасов. Главный элемент оформления — гигантское фотопанно «800-летие Москвы» (163×5 м) работы Александра Рукавишникова.,Дмитровский парк,Парк,Современный парк с прогулочными зонам и фонтаном.,5,гулять,бесплатно
Яхромская,Люблинско-Дмитровская линия,Открыта 7 сентября 2023 года. Архитекторы: Н.Шумаков и А.Некрасов. Главный элемент оформления — гигантское фотопанно «800-летие Москвы» (163×5 м) работы Александра Рукавишникова.,ТЦ «Яхромский»,ТЦ,Торговый центр с гипермаркетом и кафе.,4,смотреть,средний
Селигерская,Люблинско-Дмитровская линия,Открыта 22 марта 2018 года. Архитекторы: Н.Шумаков и А.Некрасов. Названа по Селигерскому проезду и озеру Селигер. Оформление: светло-голубые тона, остекление путевых стен с панорамами.,Парк «Ангарские пруды»,Парк,Большой парк с каскадом прудов и фонтанами.,другое,средний
Селигерская,Люблинско-Дмитровская линия,Открыта 22 марта 2018 года. Архитекторы: Н.Шумаков и А.Некрасов. Названа по Селигерскому проезду и озеру Селигер. Оформление: светло-голубые тона, остекление путевых стен с панорамами.,Селигерский проезд (пешеходная зона),Улица,Современная благоустроенная улица.,другое,средний
Селигерская,Люблинско-Дмитровская линия,Открыта 22 марта 2018 года. Архитекторы: Н.Шумаков и А.Некрасов. Названа по Селигерскому проезду и озеру Селигер. Оформление: светло-голубые тона, остекление путевых стен с панорамами.,ТРЦ «Селигер Сити»,ТЦ,Крупный ТЦ с кинотеатром.,другое,средний
Верхние Лихоборы,Люблинско-Дмитровская линия,Открыта 22 марта 2018 года. Архитекторы: Н.Шумаков и А.Некрасов. Названа по исторической местности Верхние Лихоборы. Станция глубокого заложения.,Электродепо «Лихоборы»,Достопримечательность,Крупнейшее электродепо Московского метрополитена.,4,смотреть,средний
Верхние Лихоборы,Люблинско-Дмитровская линия,Открыта 22 марта 2018 года. Архитекторы: Н.Шумаков и А.Некрасов. Названа по исторической местности Верхние Лихоборы. Станция глубокого заложения.,Парк «Дубки»,Парк,Исторический парк с прудами и прогулочными аллеями.,10,гулять,бесплатно
Верхние Лихоборы,Люблинско-Дмитровская линия,Открыта 22 марта 2018 года. Архитекторы: Н.Шумаков и А.Некрасов. Названа по исторической местности Верхние Лихоборы. Станция глубокого заложения.,Лихоборский пруд,Парк,Пруд с прогулочной зоной.,6,гулять,бесплатно
Окружная,Люблинско-Дмитровская линия,Открыта 22 марта 2018 года. Архитекторы: Н.Шумаков и А.Некрасов. Названа по Малому кольцу МЖД. Пересадка на станцию «Окружная» МЦК.,Станция метро «Окружная» (МЦК),Транспортный узел,Пересадка на Московское центральное кольцо.,2,смотреть,средний
Окружная,Люблинско-Дмитровская линия,Открыта 22 марта 2018 года. Архитекторы: Н.Шумаков и А.Некрасов. Названа по Малому кольцу МЖД. Пересадка на станцию «Окружная» МЦК.,Парк «Окружной»,Парк,Благоустроенный парк с детскими и спортивными площадками.,4,гулять,бесплатно
Окружная,Люблинско-Дмитровская линия,Открыта 22 марта 2018 года. Архитекторы: Н.Шумаков и А.Некрасов. Названа по Малому кольцу МЖД. Пересадка на станцию «Окружная» МЦК.,Ж/д платформа Окружная,Транспортный узел,Пригородные электрички Савёловского направления.,3,смотреть,средний
Петровско-Разумовская,Люблинско-Дмитровская линия,Открыта 29 августа 2016 года (второй зал). Архитекторы: Н.Шумаков и А.Некрасов. Кросс-платформенная пересадка на Серпуховско-Тимирязевскую линию.,Парк «Петровско-Разумовское»,Парк,Большая лесопарковая зона с прудами.,8,гулять,бесплатно
Петровско-Разумовская,Люблинско-Дмитровская линия,Открыта 29 августа 2016 года (второй зал). Архитекторы: Н.Шумаков и А.Некрасов. Кросс-платформенная пересадка на Серпуховско-Тимирязевскую линию.,Российский государственный аграрный университет (Тимирязевская академия),Учебное заведение,Историческое здание сельскохозяйственной академии.,10,смотреть,средний
Петровско-Разумовская,Люблинско-Дмитровская линия,Открыта 29 августа 2016 года (второй зал). Архитекторы: Н.Шумаков и А.Некрасов. Кросс-платформенная пересадка на Серпуховско-Тимирязевскую линию.,Станция метро «Петровско-Разумовская» (серая ветка),Транспортный узел,Кросс-платформенная пересадка.,1,смотреть,средний
Фонвизинская,Люблинско-Дмитровская линия,Открыта 16 сентября 2016 года. Архитекторы: Н.Шумаков и А.Некрасов. Названа в честь писателя Д.И. Фонвизина. Станция пилонного типа в чугунной обделке.,Усадьба Фонвизиных (усадьба «Марфино» — удалённо, но тематически),Усадьба,Владельческая усадьба,другое,средний
Фонвизинская,Люблинско-Дмитровская линия,Открыта 16 сентября 2016 года. Архитекторы: Н.Шумаков и А.Некрасов. Названа в честь писателя Д.И. Фонвизина. Станция пилонного типа в чугунной обделке.,ТЦ «Фонвизинский»,ТЦ,Торговый центр с продуктовым универсамом.,4,смотреть,средний
Фонвизинская,Люблинско-Дмитровская линия,Открыта 16 сентября 2016 года. Архитекторы: Н.Шумаков и А.Некрасов. Названа в честь писателя Д.И. Фонвизина. Станция пилонного типа в чугунной обделке.,Парк «Дубовая роща» (Тимирязевский парк),Парк,Лесопарк с вековыми дубами.,12,гулять,бесплатно
Бутырская,Люблинско-Дмитровская линия,Открыта 16 сентября 2016 года. Архитекторы: Н.Шумаков и А.Некрасов. Названа по Бутырскому району и Бутырскому хутору.,Бутырский парк,Парк,Зелёная зона для спорта и отдыха.,7,гулять,бесплатно
Бутырская,Люблинско-Дмитровская линия,Открыта 16 сентября 2016 года. Архитекторы: Н.Шумаков и А.Некрасов. Названа по Бутырскому району и Бутырскому хутору.,ТЦ «Бутырский»,ТЦ,Небольшой ТЦ с магазинами и кафе.,3,смотреть,средний
Бутырская,Люблинско-Дмитровская линия,Открыта 16 сентября 2016 года. Архитекторы: Н.Шумаков и А.Некрасов. Названа по Бутырскому району и Бутырскому хутору.,Сквер на Огородном проезде,Парк,Ухоженный сквер с лавочками.,5,гулять,бесплатно
Марьина Роща,Люблинско-Дмитровская линия,Открыта 19 июня 2010 года. Архитекторы: Н.Шумаков и А.Некрасов. Пересадка на одноимённую станцию Большой кольцевой линии (БКЛ).,Станция метро «Марьина Роща» (БКЛ),Транспортный узел,Пересадка на Большую кольцевую линию.,2,смотреть,средний
Марьина Роща,Люблинско-Дмитровская линия,Открыта 19 июня 2010 года. Архитекторы: Н.Шумаков и А.Некрасов. Пересадка на одноимённую станцию Большой кольцевой линии (БКЛ).,Сад «Эрмитаж»,Парк/Театр,Уютный исторический сад с театрами и кинотеатром под открытым небом.,13,другое,средний
Марьина Роща,Люблинско-Дмитровская линия,Открыта 19 июня 2010 года. Архитекторы: Н.Шумаков и А.Некрасов. Пересадка на одноимённую станцию Большой кольцевой линии (БКЛ).,Еврейский музей и центр толерантности,Музей,Крупнейший в мире интерактивный музей еврейской истории.,15,смотреть,средний
Марьина Роща,Люблинско-Дмитровская линия,Открыта 19 июня 2010 года. Архитекторы: Н.Шумаков и А.Некрасов. Пересадка на одноимённую станцию Большой кольцевой линии (БКЛ).,Шереметьевская улица,Улица,Крупная улица с магазинами.,3,гулять,бесплатно
Достоевская,Люблинско-Дмитровская линия,Открыта 19 июня 2010 года. Архитекторы: Л.Попов и С.Костиков. Оформление в чёрно-белых тонах со сценами из романов Достоевского. Пересадка на Кольцевую линию.,Театр «Современник»,Театр,Легендарный театр Галины Волчек и Олега Ефремова.,3,смотреть,средний
Достоевская,Люблинско-Дмитровская линия,Открыта 19 июня 2010 года. Архитекторы: Л.Попов и С.Костиков. Оформление в чёрно-белых тонах со сценами из романов Достоевского. Пересадка на Кольцевую линию.,Цветной бульвар,Улица,Один из старейших бульваров. Кафе, магазины.,гулять,бесплатно
Достоевская,Люблинско-Дмитровская линия,Открыта 19 июня 2010 года. Архитекторы: Л.Попов и С.Костиков. Оформление в чёрно-белых тонах со сценами из романов Достоевского. Пересадка на Кольцевую линию.,Московский цирк Никулина на Цветном бульваре,Цирк,Старейший стационарный цирк России.,6,смотреть,средний
Достоевская,Люблинско-Дмитровская линия,Открыта 19 июня 2010 года. Архитекторы: Л.Попов и С.Костиков. Оформление в чёрно-белых тонах со сценами из романов Достоевского. Пересадка на Кольцевую линию.,Станция метро «Достоевская» (Кольцевая линия),Транспортный узел,Пересадка на Кольцевую линию.,1,смотреть,средний
Трубная,Люблинско-Дмитровская линия,"Открыта 30 августа 2007 года. Архитекторы: Н.Шумаков и А.Некрасов. Название от Трубной площади. Пилонная станция глубокого заложения. Оформление на тему ""Старая Москва"", скамьи в нишах порталов.",Цветной бульвар,Улица,Пешеходный бульвар с фонтанами и кафе.,2,гулять,бесплатно
Трубная,Люблинско-Дмитровская линия,"Открыта 30 августа 2007 года. Архитекторы: Н.Шумаков и А.Некрасов. Название от Трубной площади. Пилонная станция глубокого заложения. Оформление на тему ""Старая Москва"", скамьи в нишах порталов.",Московский цирк Никулина на Цветном бульваре,Цирк,Легендарный цирк «Старый цирк».,4,смотреть,средний
Трубная,Люблинско-Дмитровская линия,"Открыта 30 августа 2007 года. Архитекторы: Н.Шумаков и А.Некрасов. Название от Трубной площади. Пилонная станция глубокого заложения. Оформление на тему ""Старая Москва"", скамьи в нишах порталов.",Рождественский монастырь,Храм,Женский монастырь XIV века. Древнейшая обитель Москвы.,6,смотреть,бесплатно
Трубная,Люблинско-Дмитровская линия,"Открыта 30 августа 2007 года. Архитекторы: Н.Шумаков и А.Некрасов. Название от Трубной площади. Пилонная станция глубокого заложения. Оформление на тему ""Старая Москва"", скамьи в нишах порталов.",Театр «Школа современной пьесы»,Театр,Драматический театр на Неглинной.,8,смотреть,средний
Трубная,Люблинско-Дмитровская линия,"Открыта 30 августа 2007 года. Архитекторы: Н.Шумаков и А.Некрасов. Название от Трубной площади. Пилонная станция глубокого заложения. Оформление на тему ""Старая Москва"", скамьи в нишах порталов.",Памятник сотрудникам МВД (у выхода),Памятник,Монумент погибшим сотрудникам МВД.,2,смотреть,бесплатно
Трубная,Люблинско-Дмитровская линия,"Открыта 30 августа 2007 года. Архитекторы: Н.Шумаков и А.Некрасов. Название от Трубной площади. Пилонная станция глубокого заложения. Оформление на тему ""Старая Москва"", скамьи в нишах порталов.",Станция метро «Цветной бульвар»,Транспортный узел,Пересадка на Серпуховско-Тимирязевскую линию.,3,смотреть,средний
Сретенский бульвар,Люблинско-Дмитровская линия,Открыта 29 декабря 2007 года. Архитекторы: Н.Шумаков и А.Некрасов. Пересадка на станции «Чистые пруды» и «Тургеневская».,Чистопрудный бульвар,Улица/Парк,Один из красивейших бульваров. Пруд с утками.,4,гулять,средний
Сретенский бульвар,Люблинско-Дмитровская линия,Открыта 29 декабря 2007 года. Архитекторы: Н.Шумаков и А.Некрасов. Пересадка на станции «Чистые пруды» и «Тургеневская».,МХТ им. Чехова,Театр,Легендарный Московский Художественный театр.,7,смотреть,средний
Сретенский бульвар,Люблинско-Дмитровская линия,Открыта 29 декабря 2007 года. Архитекторы: Н.Шумаков и А.Некрасов. Пересадка на станции «Чистые пруды» и «Тургеневская».,Сретенский монастырь,Храм,Ставропигиальный мужской монастырь XVII века.,8,смотреть,бесплатно
Сретенский бульвар,Люблинско-Дмитровская линия,Открыта 29 декабря 2007 года. Архитекторы: Н.Шумаков и А.Некрасов. Пересадка на станции «Чистые пруды» и «Тургеневская».,Театр «Современник»,Театр,Театр на Чистопрудном бульваре.,6,смотреть,средний
Сретенский бульвар,Люблинско-Дмитровская линия,Открыта 29 декабря 2007 года. Архитекторы: Н.Шумаков и А.Некрасов. Пересадка на станции «Чистые пруды» и «Тургеневская».,Памятник Грибоедову,Памятник,Скульптура на Чистопрудном бульваре.,3,смотреть,бесплатно
Чкаловская,Люблинско-Дмитровская линия,Открыта 28 декабря 1995 года. Архитекторы: Н.Алёшина и др. Названа в честь лётчика В.П. Чкалова. Пересадка на станции «Курская» Арбатско-Покровской и Кольцевой линии.,Курский вокзал,Транспортный узел,Крупнейший вокзал. Поезда на юг и юго-восток.,3,смотреть,средний
Чкаловская,Люблинско-Дмитровская линия,Открыта 28 декабря 1995 года. Архитекторы: Н.Алёшина и др. Названа в честь лётчика В.П. Чкалова. Пересадка на станции «Курская» Арбатско-Покровской и Кольцевой линии.,ТРЦ «Атриум»,ТЦ,Крупный ТЦ прямо у выхода.,2,смотреть,средний
Чкаловская,Люблинско-Дмитровская линия,Открыта 28 декабря 1995 года. Архитекторы: Н.Алёшина и др. Названа в честь лётчика В.П. Чкалова. Пересадка на станции «Курская» Арбатско-Покровской и Кольцевой линии.,Садовая-Черногрязская улица (историческая застройка),Улица,Особняки и доходные дома XIX-начала XX века.,5,гулять,бесплатно
Чкаловская,Люблинско-Дмитровская линия,Открыта 28 декабря 1995 года. Архитекторы: Н.Алёшина и др. Названа в честь лётчика В.П. Чкалова. Пересадка на станции «Курская» Арбатско-Покровской и Кольцевой линии.,Памятник Чкалову (на площади),Памятник,Бронзовый лётчик на пьедестале.,4,смотреть,бесплатно
Римская,Люблинско-Дмитровская линия,Открыта 28 декабря 1995 года. Архитекторы: Л.Попов и Н.Растегняева. Названа в честь Рима (города-побратима). Оформление: колонны и фонтаны напоминают римские архитектурные мотивы.,Площадь Ильича (пересадка на Калининскую линию),Транспортный узел,Пересадка на станцию «Площадь Ильича».,2,смотреть,средний
Римская,Люблинско-Дмитровская линия,Открыта 28 декабря 1995 года. Архитекторы: Л.Попов и Н.Растегняева. Названа в честь Рима (города-побратима). Оформление: колонны и фонтаны напоминают римские архитектурные мотивы.,Платформа «Серп и Молот» (МЦД-4),Транспортный узел,Пересадка на МЦД-4 «Калужско-Нижегородский диаметр».,4,смотреть,средний
Римская,Люблинско-Дмитровская линия,Открыта 28 декабря 1995 года. Архитекторы: Л.Попов и Н.Растегняева. Названа в честь Рима (города-побратима). Оформление: колонны и фонтаны напоминают римские архитектурные мотивы.,Рогожская застава (исторический район),Улица,Район старообрядческой Москвы.,10,гулять,бесплатно
Крестьянская Застава,Люблинско-Дмитровская линия,Открыта 28 декабря 1995 года. Архитекторы: Н.Шумаков и др. Пересадка на станцию «Пролетарская» Таганско-Краснопресненской линии.,Музей «Подпольная типография 1905-1906 гг.»,Музей,Исторический музей в пекарне, где печатали листовки.,смотреть,средний
Крестьянская Застава,Люблинско-Дмитровская линия,Открыта 28 декабря 1995 года. Архитекторы: Н.Шумаков и др. Пересадка на станцию «Пролетарская» Таганско-Краснопресненской линии.,Парк «Крестьянская Застава»,Парк,Небольшой сквер с фонтаном.,3,гулять,бесплатно
Крестьянская Застава,Люблинско-Дмитровская линия,Открыта 28 декабря 1995 года. Архитекторы: Н.Шумаков и др. Пересадка на станцию «Пролетарская» Таганско-Краснопресненской линии.,Крестьянская застава (историческая площадь),Площадь,Транспортное кольцо. Памятник рабочим.,5,смотреть,бесплатно
Дубровка,Люблинско-Дмитровская линия,Открыта 11 декабря 1999 года. Архитекторы: Н.Шумаков и др. Пересадка на станцию «Дубровка» МЦК.,Станция метро «Дубровка» (МЦК),Транспортный узел,Пересадка на Московское центральное кольцо.,2,смотреть,средний
Дубровка,Люблинско-Дмитровская линия,Открыта 11 декабря 1999 года. Архитекторы: Н.Шумаков и др. Пересадка на станцию «Дубровка» МЦК.,Парк «Дубровка»,Парк,Зелёная зона с прогулочными дорожками.,6,гулять,бесплатно
Дубровка,Люблинско-Дмитровская линия,Открыта 11 декабря 1999 года. Архитекторы: Н.Шумаков и др. Пересадка на станцию «Дубровка» МЦК.,Театр «Школа современной пьесы»,Театр,Современный драматический театр.,8,смотреть,средний
Кожуховская,Люблинско-Дмитровская линия,Открыта 28 декабря 1995 года. Архитекторы: Н.Шумаков и А.Некрасов. Названа по району Кожухово.,Парк «Кожуховский»,Парк,Зелёная зона с детскими площадками.,5,гулять,бесплатно
Кожуховская,Люблинско-Дмитровская линия,Открыта 28 декабря 1995 года. Архитекторы: Н.Шумаков и А.Некрасов. Названа по району Кожухово.,ТЦ «Кожуховский»,ТЦ,Торговый центр с универсамом.,3,смотреть,средний
Кожуховская,Люблинско-Дмитровская линия,Открыта 28 декабря 1995 года. Архитекторы: Н.Шумаков и А.Некрасов. Названа по району Кожухово.,Храм Тихвинской иконы Божией Матери в Кожухове,Храм,Старинный храм XVII века.,7,смотреть,бесплатно
Печатники,Люблинско-Дмитровская линия,Открыта 28 декабря 1995 года. Архитекторы: Н.Шумаков и др. Названа по району Печатники. Пересадка на одноимённую станцию БКЛ и МЦД-2.,Станция метро «Печатники» (БКЛ),Транспортный узел,Пересадка на Большую кольцевую линию.,2,смотреть,средний
Печатники,Люблинско-Дмитровская линия,Открыта 28 декабря 1995 года. Архитекторы: Н.Шумаков и др. Названа по району Печатники. Пересадка на одноимённую станцию БКЛ и МЦД-2.,Парк «Печатники»,Парк,Современное парковое пространство с амфитеатром и фонтанами.,6,гулять,бесплатно
Печатники,Люблинско-Дмитровская линия,Открыта 28 декабря 1995 года. Архитекторы: Н.Шумаков и др. Названа по району Печатники. Пересадка на одноимённую станцию БКЛ и МЦД-2.,Станция «Печатники» (МЦД-2),Транспортный узел,Пересадка на Курско-Рижский диаметр.,3,смотреть,средний
Печатники,Люблинско-Дмитровская линия,Открыта 28 декабря 1995 года. Архитекторы: Н.Шумаков и др. Названа по району Печатники. Пересадка на одноимённую станцию БКЛ и МЦД-2.,Музей-усадьба «Люблино»,Усадьба/Музей,Усадьба Дурасова с регулярным парком и прудами.,12,другое,средний
Волжская,Люблинско-Дмитровская линия,Открыта 28 декабря 1995 года. Архитекторы: Н.Шумаков и др. Единственная наземная крытая станция линии (метромост через реку Волгу — топоним).,Волжский бульвар,Улица,Оживлённая улица с магазинами.,3,гулять,бесплатно
Волжская,Люблинско-Дмитровская линия,Открыта 28 декабря 1995 года. Архитекторы: Н.Шумаков и др. Единственная наземная крытая станция линии (метромост через реку Волгу — топоним).,Парк «Кузьминки-Люблино»,Парк,Усадьба Голицыных и старинный парк.,8,гулять,бесплатно
Волжская,Люблинско-Дмитровская линия,Открыта 28 декабря 1995 года. Архитекторы: Н.Шумаков и др. Единственная наземная крытая станция линии (метромост через реку Волгу — топоним).,ТЦ «Волжский»,ТЦ,Небольшой ТЦ с продуктовым.,4,смотреть,средний
Люблино,Люблинско-Дмитровская линия,Открыта 25 декабря 1996 года. Архитекторы: Н.Шумаков и др. Названа по району Люблино. Станция мелкого заложения.,Усадьба Люблино («Дурасово»),Усадьба/Музей,Дворцово-парковый ансамбль XVIII века. Музей русской усадебной культуры.,6,другое,средний
Люблино,Люблинско-Дмитровская линия,Открыта 25 декабря 1996 года. Архитекторы: Н.Шумаков и др. Названа по району Люблино. Станция мелкого заложения.,Люблинский парк,Парк,Большой парк с каскадом прудов и аттракционами.,4,гулять,бесплатно
Люблино,Люблинско-Дмитровская линия,Открыта 25 декабря 1996 года. Архитекторы: Н.Шумаков и др. Названа по району Люблино. Станция мелкого заложения.,ТЦ «Люблинский»,ТЦ,Торговый центр с магазинами.,3,смотреть,средний
Братиславская,Люблинско-Дмитровская линия,Открыта 25 декабря 1996 года. Архитекторы: Н.Шумаков и др. Названа в честь столицы Словакии — города-побратима Братиславы.,Парк «Братиславский»,Парк,Зелёная зона с детскими площадками.,4,гулять,бесплатно
Братиславская,Люблинско-Дмитровская линия,Открыта 25 декабря 1996 года. Архитекторы: Н.Шумаков и др. Названа в честь столицы Словакии — города-побратима Братиславы.,ТРЦ «Братиславский»,ТЦ,Крупный ТЦ с кинотеатром.,2,смотреть,средний
Братиславская,Люблинско-Дмитровская линия,Открыта 25 декабря 1996 года. Архитекторы: Н.Шумаков и др. Названа в честь столицы Словакии — города-побратима Братиславы.,Братиславская улица,Улица,Оживлённая магистраль.,1,гулять,бесплатно
Марьино,Люблинско-Дмитровская линия,Открыта 25 декабря 1996 года. Архитекторы: Н.Шумаков и др. Самая напряжённая станция линии (60 тыс. пассажиров в сутки).,Парк «Марьино»,Парк,Большой парк с прудами и прогулочными зонами.,5,гулять,бесплатно
Марьино,Люблинско-Дмитровская линия,Открыта 25 декабря 1996 года. Архитекторы: Н.Шумаков и др. Самая напряжённая станция линии (60 тыс. пассажиров в сутки).,ТРЦ «Марьино»,ТЦ,Крупный ТЦ с гипермаркетом.,3,смотреть,средний
Марьино,Люблинско-Дмитровская линия,Открыта 25 декабря 1996 года. Архитекторы: Н.Шумаков и др. Самая напряжённая станция линии (60 тыс. пассажиров в сутки).,Башня «Марьино» (арт-объект),Достопримечательность,Инсталляция-символ района.,8,смотреть,средний
Борисово,Люблинско-Дмитровская линия,Открыта 2 декабря 2011 года. Архитекторы: Н.Шумаков и А.Некрасов. Названа по району Борисово.,Борисовский пруд,Парк,Крупный пруд на реке Городне.,6,гулять,бесплатно
Борисово,Люблинско-Дмитровская линия,Открыта 2 декабря 2011 года. Архитекторы: Н.Шумаков и А.Некрасов. Названа по району Борисово.,Парк «Борисовские пруды»,Парк,Прогулочная зона вокруг каскада прудов.,4,гулять,бесплатно
Борисово,Люблинско-Дмитровская линия,Открыта 2 декабря 2011 года. Архитекторы: Н.Шумаков и А.Некрасов. Названа по району Борисово.,Храм Святителя Николая в Борисове,Храм,Современный храм.,8,смотреть,бесплатно
Шипиловская,Люблинско-Дмитровская линия,Открыта 2 декабря 2011 года. Архитекторы: Н.Шумаков и А.Некрасов. Названа по Шипиловскому проезду.,Парк «Шипиловский»,Парк,Зелёная зона с детскими площадками.,5,гулять,бесплатно
Шипиловская,Люблинско-Дмитровская линия,Открыта 2 декабря 2011 года. Архитекторы: Н.Шумаков и А.Некрасов. Названа по Шипиловскому проезду.,ТЦ «Шипиловский»,ТЦ,Торговый центр с универсамом.,3,смотреть,средний
Шипиловская,Люблинско-Дмитровская линия,Открыта 2 декабря 2011 года. Архитекторы: Н.Шумаков и А.Некрасов. Названа по Шипиловскому проезду.,Сквер на Шипиловской,Парк,Ухоженный сквер.,2,гулять,бесплатно
Зябликово,Люблинско-Дмитровская линия,Открыта 2 декабря 2011 года. Архитекторы: Н.Шумаков и А.Некрасов. Конечная станция на юге. Пересадка на станцию «Красногвардейская» Замоскворецкой линии.,Парк «Зябликово»,Парк,Зелёная зона со спортивными площадками.,6,гулять,бесплатно
Зябликово,Люблинско-Дмитровская линия,Открыта 2 декабря 2011 года. Архитекторы: Н.Шумаков и А.Некрасов. Конечная станция на юге. Пересадка на станцию «Красногвардейская» Замоскворецкой линии.,ТРЦ «Зябликово»,ТЦ,Крупный ТЦ с кинотеатром.,4,смотреть,средний
Зябликово,Люблинско-Дмитровская линия,Открыта 2 декабря 2011 года. Архитекторы: Н.Шумаков и А.Некрасов. Конечная станция на юге. Пересадка на станцию «Красногвардейская» Замоскворецкой линии.,Станция метро «Красногвардейская»,Транспортный узел,Пересадка на Замоскворецкую линию.,2,смотреть,средний
Зябликово,Люблинско-Дмитровская линия,Открыта 2 декабря 2011 года. Архитекторы: Н.Шумаков и А.Некрасов. Конечная станция на юге. Пересадка на станцию «Красногвардейская» Замоскворецкой линии.,Свято-Троицкий храм в Орехове-Борисове,Храм,Крупный современный храм.,10,смотреть,бесплатно
Планерная,Таганско-Краснопресненская линия,Открыта 30 декабря 1975 года. Архитектор В.А. Тренин. Пилоны отделаны белым мрамором, пол — чёрным гранитом. Стены украшены геометрическими узорами из белых, голубовато-серых и жёлтых оттенков, что символизирует точность столярного дела. Название происходит от деревни Планёрное, известной столярными промыслами. Станция была самой северной в метро до открытия «Медведково».,другое,средний
Планерная,Таганско-Краснопресненская линия,Открыта 30 декабря 1975 года. Архитектор В.А. Тренин. Пилоны отделаны белым мрамором, пол — чёрным гранитом. Стены украшены геометрическими узорами из белых, голубовато-серых и жёлтых оттенков, что символизирует точность столярного дела. Название происходит от деревни Планёрное, известной столярными промыслами. Станция была самой северной в метро до открытия «Медведково».,другое,средний
Планерная,Таганско-Краснопресненская линия,Открыта 30 декабря 1975 года. Архитектор В.А. Тренин. Пилоны отделаны белым мрамором, пол — чёрным гранитом. Стены украшены геометрическими узорами из белых, голубовато-серых и жёлтых оттенков, что символизирует точность столярного дела. Название происходит от деревни Планёрное, известной столярными промыслами. Станция была самой северной в метро до открытия «Медведково».,другое,средний
Сходненская,Таганско-Краснопресненская линия,Открыта 30 декабря 1975 года. Архитекторы: В.А. Черемин и А.Л. Вигдоров. Одна из немногих станций с прямыми платформами и береговыми пилонами. Названа по реке Сходне. Из вестибюля можно увидеть живописную долину реки Сходни с крутыми склонами.,Природный заказник «Долина реки Сходни в Куркино»,Заказник,Живописная долина с лесными массивами и рекой. Экотропы, мосты.,гулять,бесплатно
Сходненская,Таганско-Краснопресненская линия,Открыта 30 декабря 1975 года. Архитекторы: В.А. Черемин и А.Л. Вигдоров. Одна из немногих станций с прямыми платформами и береговыми пилонами. Названа по реке Сходне. Из вестибюля можно увидеть живописную долину реки Сходни с крутыми склонами.,Парк «Покровское-Стрешнево»,Парк,Лесопарк с усадьбой и прудами. Отличное место для прогулок.,8,гулять,бесплатно
Сходненская,Таганско-Краснопресненская линия,Открыта 30 декабря 1975 года. Архитекторы: В.А. Черемин и А.Л. Вигдоров. Одна из немногих станций с прямыми платформами и береговыми пилонами. Названа по реке Сходне. Из вестибюля можно увидеть живописную долину реки Сходни с крутыми склонами.,ТЦ «Сходненский»,ТЦ,Крупный ТЦ с гипермаркетом.,3,смотреть,средний
Тушинская,Таганско-Краснопресненская линия,Открыта 30 декабря 1975 года. Архитекторы: В.А. Черемин и А.Л. Вигдоров. Пересадка на станцию «Спартак» (открыта в 2014 году). Названа по району Тушино. Станция использовалась как конечная до продления линии.,Стадион «Спартак» (Открытие Арена),Стадион,Красивейший стадион в клубных цветах красно-белых. Музей ФК «Спартак».,8,смотреть,средний
Тушинская,Таганско-Краснопресненская линия,Открыта 30 декабря 1975 года. Архитекторы: В.А. Черемин и А.Л. Вигдоров. Пересадка на станцию «Спартак» (открыта в 2014 году). Названа по району Тушино. Станция использовалась как конечная до продления линии.,Парк «Тушинский»,Парк,Большой парк у канала имени Москвы.,6,гулять,бесплатно
Тушинская,Таганско-Краснопресненская линия,Открыта 30 декабря 1975 года. Архитекторы: В.А. Черемин и А.Л. Вигдоров. Пересадка на станцию «Спартак» (открыта в 2014 году). Названа по району Тушино. Станция использовалась как конечная до продления линии.,ТРЦ «Тушинский»,ТЦ,Торговый центр с кинотеатром.,3,смотреть,средний
Спартак,Таганско-Краснопресненская линия,Открыта 27 августа 2014 года. Архитектор А.Б. Некрасов. Станция оформлена в цветах футбольного клуба «Спартак»: красно-белая мозаика на путевых стенах. Названа в честь клуба.,Стадион «Спартак» (Открытие Арена),Стадион,Домашняя арена ФК «Спартак». Экскурсии по стадиону и музей клуба.,2,смотреть,средний
Спартак,Таганско-Краснопресненская линия,Открыта 27 августа 2014 года. Архитектор А.Б. Некрасов. Станция оформлена в цветах футбольного клуба «Спартак»: красно-белая мозаика на путевых стенах. Названа в честь клуба.,Парк «Тушинский»,Парк,Зелёная зона у канала. Прогулки и спорт.,10,гулять,бесплатно
Спартак,Таганско-Краснопресненская линия,Открыта 27 августа 2014 года. Архитектор А.Б. Некрасов. Станция оформлена в цветах футбольного клуба «Спартак»: красно-белая мозаика на путевых стенах. Названа в честь клуба.,Тушинский машиностроительный завод (исторический),Достопримечательность,Промышленная архитектура.,6,смотреть,средний
Щукинская,Таганско-Краснопресненская линия,Открыта 30 декабря 1975 года. Архитекторы: В.А. Черемин и А.Л. Вигдоров. Названа по району Щукино. Пересадка на станцию «Щукинская» МЦД-2.,Парк «Щукинский»,Парк,Зелёная зона с прогулочной аллеей.,5,гулять,бесплатно
Щукинская,Таганско-Краснопресненская линия,Открыта 30 декабря 1975 года. Архитекторы: В.А. Черемин и А.Л. Вигдоров. Названа по району Щукино. Пересадка на станцию «Щукинская» МЦД-2.,ТРЦ «Щука»,ТЦ,Крупный ТЦ с магазинами, кинотеатром и фуд-кортом.,смотреть,средний
Щукинская,Таганско-Краснопресненская линия,Открыта 30 декабря 1975 года. Архитекторы: В.А. Черемин и А.Л. Вигдоров. Названа по району Щукино. Пересадка на станцию «Щукинская» МЦД-2.,Сквер на улице Маршала Василевского,Парк,Уютный сквер с лавочками.,4,гулять,бесплатно
Октябрьское Поле,Таганско-Краснопресненская линия,Открыта 30 декабря 1972 года. Архитекторы: В.А. Черемин и А.Л. Вигдоров. Названа по расположению на Октябрьском поле. Пересадка на станцию «Панфиловская» МЦК.,Станция «Панфиловская» (МЦК),Транспортный узел,Пересадка на Московское центральное кольцо.,3,смотреть,средний
Октябрьское Поле,Таганско-Краснопресненская линия,Открыта 30 декабря 1972 года. Архитекторы: В.А. Черемин и А.Л. Вигдоров. Названа по расположению на Октябрьском поле. Пересадка на станцию «Панфиловская» МЦК.,Парк «Народного Ополчения»,Парк,Большой парк с мемориалом. Прогулочные аллеи.,6,гулять,бесплатно
Октябрьское Поле,Таганско-Краснопресненская линия,Открыта 30 декабря 1972 года. Архитекторы: В.А. Черемин и А.Л. Вигдоров. Названа по расположению на Октябрьском поле. Пересадка на станцию «Панфиловская» МЦК.,Храм Героев Панфиловцев,Храм,Православный храм-памятник.,10,смотреть,бесплатно
Полежаевская,Таганско-Краснопресненская линия,Открыта 30 декабря 1972 года. Архитекторы: Н.А. Демчинский и Ю.А. Колесникова. Уникальная станция с платформой посередине и боковыми путями — таких в Москве всего три. Названа по улице Полежаева. Пересадка на станции «Хорошёвская» (БКЛ).,Парк «Берёзовая роща»,Парк,Зелёная зона с прогулочными дорожками.,8,гулять,бесплатно
Полежаевская,Таганско-Краснопресненская линия,Открыта 30 декабря 1972 года. Архитекторы: Н.А. Демчинский и Ю.А. Колесникова. Уникальная станция с платформой посередине и боковыми путями — таких в Москве всего три. Названа по улице Полежаева. Пересадка на станции «Хорошёвская» (БКЛ).,Москва-Сити (панорама с Хорошёвского шоссе),Панорама,Вид на небоскрёбы делового центра.,10,смотреть,средний
Полежаевская,Таганско-Краснопресненская линия,Открыта 30 декабря 1972 года. Архитекторы: Н.А. Демчинский и Ю.А. Колесникова. Уникальная станция с платформой посередине и боковыми путями — таких в Москве всего три. Названа по улице Полежаева. Пересадка на станции «Хорошёвская» (БКЛ).,Станция метро «Хорошёвская» (БКЛ),Транспортный узел,Пересадка на Большую кольцевую линию.,2,смотреть,средний
Беговая,Таганско-Краснопресненская линия,Открыта 30 декабря 1972 года. Архитектор В.А. Черемин. Названа по Беговой улице и Центральному московскому ипподрому. Пилоны: квадрат вверху, восьмигранник внизу. Металлические панно на тему конного спорта работы Э.М. Ладыгина.,Центральный московский ипподром,Спорткомплекс,Старейший ипподром России. Скачки,другое,средний
Беговая,Таганско-Краснопресненская линия,Открыта 30 декабря 1972 года. Архитектор В.А. Черемин. Названа по Беговой улице и Центральному московскому ипподрому. Пилоны: квадрат вверху, восьмигранник внизу. Металлические панно на тему конного спорта работы Э.М. Ладыгина.,Парк «Беговая»,Парк,Небольшой сквер рядом с ипподромом.,другое,средний
Беговая,Таганско-Краснопресненская линия,Открыта 30 декабря 1972 года. Архитектор В.А. Черемин. Названа по Беговой улице и Центральному московскому ипподрому. Пилоны: квадрат вверху, восьмигранник внизу. Металлические панно на тему конного спорта работы Э.М. Ладыгина.,Памятник «Могучие всадники» (у вестибюля),Памятник,Скульптурная композиция работы Э.М. Ладыгина. Кони и всадники.,другое,средний
Улица 1905 года,Таганско-Краснопресненская линия,Открыта 30 декабря 1972 года. Архитекторы: В.А. Черемин и А.Л. Вигдоров. Названа в честь революции 1905 года. Красная линия в оформлении — символ баррикад. Пилоны отделаны красным мрамором, что имитирует баррикады.,Краснопресненская набережная,Набережная,Прогулка вдоль Москвы-реки. Основные моменты: вид на «Москва-Сити» и Дом правительства.,другое,средний
Улица 1905 года,Таганско-Краснопресненская линия,Открыта 30 декабря 1972 года. Архитекторы: В.А. Черемин и А.Л. Вигдоров. Названа в честь революции 1905 года. Красная линия в оформлении — символ баррикад. Пилоны отделаны красным мрамором, что имитирует баррикады.,Парк «Красная Пресня»,Парк,Исторический парк с фонтаном. Место революционных событий.,другое,средний
Улица 1905 года,Таганско-Краснопресненская линия,Открыта 30 декабря 1972 года. Архитекторы: В.А. Черемин и А.Л. Вигдоров. Названа в честь революции 1905 года. Красная линия в оформлении — символ баррикад. Пилоны отделаны красным мрамором, что имитирует баррикады.,Музей «Красная Пресня»,Музей,Музей истории революции 1905 года и советского периода.,другое,средний
Баррикадная,Таганско-Краснопресненская линия,Открыта 30 декабря 1972 года. Архитекторы: А.Ф. Стрелков и В.А. Поликарпова. Пилоны из розово-красного мрамора напоминают баррикады. Пересадка на станцию «Краснопресненская» Кольцевой линии. Названа в память о революционных баррикадах 1905 года.,Станция метро «Краснопресненская» (Кольцевая),Транспортный узел,Пересадка на Кольцевую линию.,2,смотреть,средний
Баррикадная,Таганско-Краснопресненская линия,Открыта 30 декабря 1972 года. Архитекторы: А.Ф. Стрелков и В.А. Поликарпова. Пилоны из розово-красного мрамора напоминают баррикады. Пересадка на станцию «Краснопресненская» Кольцевой линии. Названа в память о революционных баррикадах 1905 года.,Московский зоопарк,Зоопарк,Один из старейших зоопарков Европы. Более 1000 видов животных.,10,смотреть,средний
Баррикадная,Таганско-Краснопресненская линия,Открыта 30 декабря 1972 года. Архитекторы: А.Ф. Стрелков и В.А. Поликарпова. Пилоны из розово-красного мрамора напоминают баррикады. Пересадка на станцию «Краснопресненская» Кольцевой линии. Названа в память о революционных баррикадах 1905 года.,Сталинская высотка на Кудринской площади,Достопримечательность,Одна из «Семи сестер» — жилой дом высотой 156 м.,3,смотреть,средний
Баррикадная,Таганско-Краснопресненская линия,Открыта 30 декабря 1972 года. Архитекторы: А.Ф. Стрелков и В.А. Поликарпова. Пилоны из розово-красного мрамора напоминают баррикады. Пересадка на станцию «Краснопресненская» Кольцевой линии. Названа в память о революционных баррикадах 1905 года.,Планетарий,Музей/Культура,Московский планетарий. Полнокупольные шоу и обсерватория.,12,смотреть,средний
Пушкинская,Таганско-Краснопресненская линия,Открыта 17 декабря 1975 года. Архитекторы: В.А. Вдовин и Ю.О. Баженов. Колонная станция-трисвод — редкий для Москвы тип. Стилизована под XIX век: колонны из мрамора «Коелга» с пальмовыми листьями, люстры со свечами. Названа в честь А.С. Пушкина.,Тверской бульвар,Улица/Парк,Самый старый бульвар Москвы. Памятник Пушкину.,другое,средний
Пушкинская,Таганско-Краснопресненская линия,Открыта 17 декабря 1975 года. Архитекторы: В.А. Вдовин и Ю.О. Баженов. Колонная станция-трисвод — редкий для Москвы тип. Стилизована под XIX век: колонны из мрамора «Коелга» с пальмовыми листьями, люстры со свечами. Названа в честь А.С. Пушкина.,Страстной бульвар,Улица,Памятник Высоцкому. Театры и кафе.,другое,средний
Пушкинская,Таганско-Краснопресненская линия,Открыта 17 декабря 1975 года. Архитекторы: В.А. Вдовин и Ю.О. Баженов. Колонная станция-трисвод — редкий для Москвы тип. Стилизована под XIX век: колонны из мрамора «Коелга» с пальмовыми листьями, люстры со свечами. Названа в честь А.С. Пушкина.,Театр «Ленком Марка Захарова»,Театр,Легендарный театр на Малой Дмитровке.,другое,средний
Пушкинская,Таганско-Краснопресненская линия,Открыта 17 декабря 1975 года. Архитекторы: В.А. Вдовин и Ю.О. Баженов. Колонная станция-трисвод — редкий для Москвы тип. Стилизована под XIX век: колонны из мрамора «Коелга» с пальмовыми листьями, люстры со свечами. Названа в честь А.С. Пушкина.,Памятник Пушкину,Памятник,Знаменитый памятник на Пушкинской площади.,другое,средний
Пушкинская,Таганско-Краснопресненская линия,Открыта 17 декабря 1975 года. Архитекторы: В.А. Вдовин и Ю.О. Баженов. Колонная станция-трисвод — редкий для Москвы тип. Стилизована под XIX век: колонны из мрамора «Коелга» с пальмовыми листьями, люстры со свечами. Названа в честь А.С. Пушкина.,Станция метро «Тверская»,Транспортный узел,Пересадка на Замоскворецкую линию.,другое,средний
Пушкинская,Таганско-Краснопресненская линия,Открыта 17 декабря 1975 года. Архитекторы: В.А. Вдовин и Ю.О. Баженов. Колонная станция-трисвод — редкий для Москвы тип. Стилизована под XIX век: колонны из мрамора «Коелга» с пальмовыми листьями, люстры со свечами. Названа в честь А.С. Пушкина.,Кафе «Пушкинъ»,Кафе,Легендарное кафе-ресторан в стиле XIX века.,другое,средний
Кузнецкий Мост,Таганско-Краснопресненская линия,Открыта 17 декабря 1975 года. Архитекторы: Н.А. Алёшина и Н.К. Самойлова. Названа по исторической улице, на месте которой в XVIII веке был мост через реку Неглинную. Пересадка на «Лубянку» Сокольнической линии.,Центральный детский магазин (ЦДМ),ТЦ/Музей,Культовое место. Музей детства,другое,средний
Кузнецкий Мост,Таганско-Краснопресненская линия,Открыта 17 декабря 1975 года. Архитекторы: Н.А. Алёшина и Н.К. Самойлова. Названа по исторической улице, на месте которой в XVIII веке был мост через реку Неглинную. Пересадка на «Лубянку» Сокольнической линии.,Никольская улица,Улица,Пешеходная улица. Рестораны,другое,средний
Кузнецкий Мост,Таганско-Краснопресненская линия,Открыта 17 декабря 1975 года. Архитекторы: Н.А. Алёшина и Н.К. Самойлова. Названа по исторической улице, на месте которой в XVIII веке был мост через реку Неглинную. Пересадка на «Лубянку» Сокольнической линии.,Театр Et Cetera,Театр,Театр под руководством Александра Калягина.,другое,средний
Кузнецкий Мост,Таганско-Краснопресненская линия,Открыта 17 декабря 1975 года. Архитекторы: Н.А. Алёшина и Н.К. Самойлова. Названа по исторической улице, на месте которой в XVIII веке был мост через реку Неглинную. Пересадка на «Лубянку» Сокольнической линии.,Станция метро «Лубянка»,Транспортный узел,Пересадка на Сокольническую линию.,другое,средний
Китай-город,Таганско-Краснопресненская линия,Открыта 3 января 1971 года. Архитекторы: А.Ф. Стрелков и Л.В. Малашонок. Самая загруженная пересадочная станция (переход на Калужско-Рижскую линию). Названа по историческому району Китай-город.,Красная площадь,Достопримечательность,Главная площадь страны. Собор Василия Блаженного, ГУМ.,смотреть,средний
Китай-город,Таганско-Краснопресненская линия,Открыта 3 января 1971 года. Архитекторы: А.Ф. Стрелков и Л.В. Малашонок. Самая загруженная пересадочная станция (переход на Калужско-Рижскую линию). Названа по историческому району Китай-город.,Зарядье,Парк,Парк с парящим мостом над Москвой-рекой.,6,гулять,бесплатно
Китай-город,Таганско-Краснопресненская линия,Открыта 3 января 1971 года. Архитекторы: А.Ф. Стрелков и Л.В. Малашонок. Самая загруженная пересадочная станция (переход на Калужско-Рижскую линию). Названа по историческому району Китай-город.,Ильинка и Варварка (исторические улицы),Улица,Старейшие улицы Москвы. Купеческие палаты, церкви.,гулять,бесплатно
Китай-город,Таганско-Краснопресненская линия,Открыта 3 января 1971 года. Архитекторы: А.Ф. Стрелков и Л.В. Малашонок. Самая загруженная пересадочная станция (переход на Калужско-Рижскую линию). Названа по историческому району Китай-город.,Музей археологии Москвы,Музей,Находки из раскопок. Мост через реку Неглинную.,5,смотреть,средний
Таганская,Таганско-Краснопресненская линия,Открыта 31 декабря 1966 года. Архитекторы: Н.А. Алёшина и Ю.В. Вдовин. Пилоны из белого мрамора с коричневыми полосами. На пилонах — металлические панно Э.М. Ладыгина на космическую тему. Стены отделаны белой и чёрной керамической плиткой. Пересадка на станции «Таганская» Кольцевой линии и «Марксистскую» Калининской. Названа по Таганной слободе (место изготовления таганов — подставок для котлов).,Театр на Таганке,Театр,Легендарный театр Владимира Высоцкого и Юрия Любимова.,5,смотреть,средний
Таганская,Таганско-Краснопресненская линия,Открыта 31 декабря 1966 года. Архитекторы: Н.А. Алёшина и Ю.В. Вдовин. Пилоны из белого мрамора с коричневыми полосами. На пилонах — металлические панно Э.М. Ладыгина на космическую тему. Стены отделаны белой и чёрной керамической плиткой. Пересадка на станции «Таганская» Кольцевой линии и «Марксистскую» Калининской. Названа по Таганной слободе (место изготовления таганов — подставок для котлов).,Музей Высоцкого,Музей,Государственный музей Владимира Высоцкого. Личные вещи, гитара.,смотреть,средний
Таганская,Таганско-Краснопресненская линия,Открыта 31 декабря 1966 года. Архитекторы: Н.А. Алёшина и Ю.В. Вдовин. Пилоны из белого мрамора с коричневыми полосами. На пилонах — металлические панно Э.М. Ладыгина на космическую тему. Стены отделаны белой и чёрной керамической плиткой. Пересадка на станции «Таганская» Кольцевой линии и «Марксистскую» Калининской. Названа по Таганной слободе (место изготовления таганов — подставок для котлов).,Таганский парк,Парк,Уютный парк с фонтаном и катком.,3,гулять,бесплатно
Таганская,Таганско-Краснопресненская линия,Открыта 31 декабря 1966 года. Архитекторы: Н.А. Алёшина и Ю.В. Вдовин. Пилоны из белого мрамора с коричневыми полосами. На пилонах — металлические панно Э.М. Ладыгина на космическую тему. Стены отделаны белой и чёрной керамической плиткой. Пересадка на станции «Таганская» Кольцевой линии и «Марксистскую» Калининской. Названа по Таганной слободе (место изготовления таганов — подставок для котлов).,Бункер-42 (на Таганке),Музей,Секретный бункер связи на глубине 65 метров. Холодная война.,10,смотреть,средний
Таганская,Таганско-Краснопресненская линия,Открыта 31 декабря 1966 года. Архитекторы: Н.А. Алёшина и Ю.В. Вдовин. Пилоны из белого мрамора с коричневыми полосами. На пилонах — металлические панно Э.М. Ладыгина на космическую тему. Стены отделаны белой и чёрной керамической плиткой. Пересадка на станции «Таганская» Кольцевой линии и «Марксистскую» Калининской. Названа по Таганной слободе (место изготовления таганов — подставок для котлов).,Станция метро «Марксистская»,Транспортный узел,Пересадка на Калининскую линию.,3,смотреть,средний
Пролетарская,Таганско-Краснопресненская линия,Открыта 31 декабря 1966 года. Архитектор Н.А. Алёшина. Пилоны отделаны белым мрамором. Станция оформлена в стиле 1960-х годов: геометрические узоры, чёткие линии. Названа в честь пролетариата.,Крестьянская застава (памятник конструктивизма),Достопримечательность,Один из лучших примеров авангардной архитектуры в Москве.,другое,средний
Пролетарская,Таганско-Краснопресненская линия,Открыта 31 декабря 1966 года. Архитектор Н.А. Алёшина. Пилоны отделаны белым мрамором. Станция оформлена в стиле 1960-х годов: геометрические узоры, чёткие линии. Названа в честь пролетариата.,Парк «Пролетарский»,Парк,Зелёная зона со спортивными площадками.,другое,средний
Пролетарская,Таганско-Краснопресненская линия,Открыта 31 декабря 1966 года. Архитектор Н.А. Алёшина. Пилоны отделаны белым мрамором. Станция оформлена в стиле 1960-х годов: геометрические узоры, чёткие линии. Названа в честь пролетариата.,ТЦ «Пролетарский»,ТЦ,Торговый центр с продуктовым магазином.,другое,средний
Волгоградский проспект,Таганско-Краснопресненская линия,Открыта 31 декабря 1966 года. Архитекторы: Н.А. Алёшина и В.А. Черемин. Названа по Волгоградскому проспекту.,Парк «Кузьминки-Люблино»,Парк,Усадьба Голицыных. Пруды, старинная церковь.,гулять,бесплатно
Волгоградский проспект,Таганско-Краснопресненская линия,Открыта 31 декабря 1966 года. Архитекторы: Н.А. Алёшина и В.А. Черемин. Названа по Волгоградскому проспекту.,ТРЦ «Волгоградский»,ТЦ,Торговый центр с кинотеатром.,5,смотреть,средний
Волгоградский проспект,Таганско-Краснопресненская линия,Открыта 31 декабря 1966 года. Архитекторы: Н.А. Алёшина и В.А. Черемин. Названа по Волгоградскому проспекту.,Сквер на Волгоградском проспекте,Парк,Прогулочная зона.,2,гулять,бесплатно
Текстильщики,Таганско-Краснопресненская линия,Открыта 31 декабря 1966 года. Архитекторы: Н.А. Алёшина и В.А. Черемин. Названа по району Текстильщики. Пересадка на одноимённую станцию БКЛ и МЦД-2.,Станция метро «Текстильщики» (БКЛ),Транспортный узел,Пересадка на Большую кольцевую линию.,2,смотреть,средний
Текстильщики,Таганско-Краснопресненская линия,Открыта 31 декабря 1966 года. Архитекторы: Н.А. Алёшина и В.А. Черемин. Названа по району Текстильщики. Пересадка на одноимённую станцию БКЛ и МЦД-2.,Парк «Текстильщики»,Парк,Зелёная зона с детскими площадками.,6,гулять,бесплатно
Текстильщики,Таганско-Краснопресненская линия,Открыта 31 декабря 1966 года. Архитекторы: Н.А. Алёшина и В.А. Черемин. Названа по району Текстильщики. Пересадка на одноимённую станцию БКЛ и МЦД-2.,ТРЦ «Текстильщики»,ТЦ,Крупный ТЦ с магазинами.,4,смотреть,средний
Кузьминки,Таганско-Краснопресненская линия,Открыта 31 декабря 1966 года. Архитекторы: Н.А. Алёшина и В.А. Черемин. Названа по району Кузьминки.,Парк «Кузьминки-Люблино»,Парк,Усадьба Голицыных XVIII века. Музей, пруды,гулять,бесплатно
Кузьминки,Таганско-Краснопресненская линия,Открыта 31 декабря 1966 года. Архитекторы: Н.А. Алёшина и В.А. Черемин. Названа по району Кузьминки.,Свято-Введенский Владычный женский монастырь,Храм/Монастырь,Древний монастырь XVII века. Ухоженная территория.,8,другое,средний
Кузьминки,Таганско-Краснопресненская линия,Открыта 31 декабря 1966 года. Архитекторы: Н.А. Алёшина и В.А. Черемин. Названа по району Кузьминки.,ТРЦ «Кузьминки»,ТЦ,Торговый центр с гипермаркетом.,3,смотреть,средний
Рязанский проспект,Таганско-Краснопресненская линия,Открыта 31 декабря 1966 года. Архитекторы: Н.А. Алёшина и В.А. Черемин. Названа по Рязанскому проспекту.,Парк «Рязанский проспект»,Парк,Зелёная зона с прогулочными дорожками.,6,гулять,бесплатно
Рязанский проспект,Таганско-Краснопресненская линия,Открыта 31 декабря 1966 года. Архитекторы: Н.А. Алёшина и В.А. Черемин. Названа по Рязанскому проспекту.,ТЦ «Рязанский»,ТЦ,Торговый центр с продуктовым.,3,смотреть,средний
Рязанский проспект,Таганско-Краснопресненская линия,Открыта 31 декабря 1966 года. Архитекторы: Н.А. Алёшина и В.А. Черемин. Названа по Рязанскому проспекту.,Сквер на Рязанском проспекте,Парк,Небольшой ухоженный сквер.,2,гулять,бесплатно
Выхино,Таганско-Краснопресненская линия,Открыта 31 декабря 1966 года. Архитекторы: Н.А. Алёшина и В.А. Черемин. Одна из самых загруженных станций Московского метро. Пересадка на платформу «Выхино» МЦД-2 и Казанского направления.,Парк «Выхино»,Парк,Большой парк с Каскадными прудами. Прогулочные зоны.,10,гулять,бесплатно
Выхино,Таганско-Краснопресненская линия,Открыта 31 декабря 1966 года. Архитекторы: Н.А. Алёшина и В.А. Черемин. Одна из самых загруженных станций Московского метро. Пересадка на платформу «Выхино» МЦД-2 и Казанского направления.,ТРЦ «Выхино»,ТЦ,Крупный ТЦ с кинотеатром и фуд-кортом.,4,смотреть,средний
Выхино,Таганско-Краснопресненская линия,Открыта 31 декабря 1966 года. Архитекторы: Н.А. Алёшина и В.А. Черемин. Одна из самых загруженных станций Московского метро. Пересадка на платформу «Выхино» МЦД-2 и Казанского направления.,Станция «Выхино» (МЦД-2, Казанское направление),Транспортный узел,Пересадка на пригородные электрички.,другое,средний
Лермонтовский проспект,Таганско-Краснопресненская линия,Открыта 9 ноября 2013 года (открытие участка продления до «Котельников»). Названа по Лермонтовскому проспекту. Пересадка на станцию «Жулебино» Калининско-Солнцевской линии.,Парк «Лермонтовский»,Парк,Небольшой парк с прогулочной зоной. Скамейки, газоны.,гулять,бесплатно
Лермонтовский проспект,Таганско-Краснопресненская линия,Открыта 9 ноября 2013 года (открытие участка продления до «Котельников»). Названа по Лермонтовскому проспекту. Пересадка на станцию «Жулебино» Калининско-Солнцевской линии.,Станция метро «Жулебино»,Транспортный узел,Пересадка на Калининско-Солнцевскую линию.,2,смотреть,средний
Лермонтовский проспект,Таганско-Краснопресненская линия,Открыта 9 ноября 2013 года (открытие участка продления до «Котельников»). Названа по Лермонтовскому проспекту. Пересадка на станцию «Жулебино» Калининско-Солнцевской линии.,ТРЦ «Лермонтовский»,ТЦ,Торговый центр с магазинами.,4,смотреть,средний
Жулебино,Таганско-Краснопресненская линия,Открыта 9 ноября 2013 года. Архитекторы: Х.А. Хачатурян и др. Оформлена в холодных сине-серых тонах, потолок — «сетка» из алюминиевых пластин. Названа по району Жулебино.,Жулебинский парк,Парк,Большой парк с каскадом прудов. Тренировочные площадки,другое,средний
Жулебино,Таганско-Краснопресненская линия,Открыта 9 ноября 2013 года. Архитекторы: Х.А. Хачатурян и др. Оформлена в холодных сине-серых тонах, потолок — «сетка» из алюминиевых пластин. Названа по району Жулебино.,ТРЦ «Жулебино»,ТЦ,Торговый центр с гипермаркетом.,другое,средний
Жулебино,Таганско-Краснопресненская линия,Открыта 9 ноября 2013 года. Архитекторы: Х.А. Хачатурян и др. Оформлена в холодных сине-серых тонах, потолок — «сетка» из алюминиевых пластин. Названа по району Жулебино.,Станция метро «Лермонтовский проспект»,Транспортный узел,Пересадка на фиолетовую ветку.,другое,средний
Котельники,Таганско-Краснопресненская линия,Открыта 21 сентября 2015 года. Самая южная станция линии. Первая станция метро, построенная на территории Московской области (г. Котельники). Оформление в зелёных и оранжевых тонах. Пересадка на автобусы до южных микрорайонов области.,Новорязанское шоссе (благоустройство),Улица,Широкая магистраль с улучшенной пешеходной зоной.,другое,средний
Котельники,Таганско-Краснопресненская линия,Открыта 21 сентября 2015 года. Самая южная станция линии. Первая станция метро, построенная на территории Московской области (г. Котельники). Оформление в зелёных и оранжевых тонах. Пересадка на автобусы до южных микрорайонов области.,Парк «Котельники»,Парк,Зелёная зона с детскими площадками.,другое,средний
Котельники,Таганско-Краснопресненская линия,Открыта 21 сентября 2015 года. Самая южная станция линии. Первая станция метро, построенная на территории Московской области (г. Котельники). Оформление в зелёных и оранжевых тонах. Пересадка на автобусы до южных микрорайонов области.,ТЦ «Котельники»,ТЦ,Крупный ТЦ с продуктовым и универмагом.,другое,средний
Медведково,Калужско-Рижская линия,Открыта 29 сентября 1978 года. Архитекторы: Н.А. Алёшина и Н.К. Самойлова. Станция-«сороконожка» — колонного типа с 40 парами колонн. Названа по деревне Медведково. Тема оформления — «Природа Подмосковья». Пилоны украшены панно из анодированного алюминия с изображениями растений и животных. Самая северная станция линии.,Парк «Медведково»,Парк,Большой парк с прогулочными зонами и спортивными площадками.,6,гулять,бесплатно
Медведково,Калужско-Рижская линия,Открыта 29 сентября 1978 года. Архитекторы: Н.А. Алёшина и Н.К. Самойлова. Станция-«сороконожка» — колонного типа с 40 парами колонн. Названа по деревне Медведково. Тема оформления — «Природа Подмосковья». Пилоны украшены панно из анодированного алюминия с изображениями растений и животных. Самая северная станция линии.,Природный парк «Яуза»,Парк,Зелёная зона вдоль реки Яузы. Экотропы, мостики,гулять,бесплатно
Медведково,Калужско-Рижская линия,Открыта 29 сентября 1978 года. Архитекторы: Н.А. Алёшина и Н.К. Самойлова. Станция-«сороконожка» — колонного типа с 40 парами колонн. Названа по деревне Медведково. Тема оформления — «Природа Подмосковья». Пилоны украшены панно из анодированного алюминия с изображениями растений и животных. Самая северная станция линии.,ТЦ «Медведково»,ТЦ,Торговый центр с гипермаркетом.,4,смотреть,средний
Бабушкинская,Калужско-Рижская линия,Открыта 29 сентября 1978 года. Архитекторы: Н.А. Алёшина и Н.К. Самойлова. Пилоны станции облицованы нержавеющей сталью и оранжевым пластиком. Названа в честь лётчика М.В. Бабушкина.,Парк «Бабушкинский»,Парк,Большой парк с аттракционами, прудом и лодочной станцией.,гулять,бесплатно
Бабушкинская,Калужско-Рижская линия,Открыта 29 сентября 1978 года. Архитекторы: Н.А. Алёшина и Н.К. Самойлова. Пилоны станции облицованы нержавеющей сталью и оранжевым пластиком. Названа в честь лётчика М.В. Бабушкина.,ТЦ «Бабушкинский»,ТЦ,Крупный ТЦ с кинотеатром.,3,смотреть,средний
Бабушкинская,Калужско-Рижская линия,Открыта 29 сентября 1978 года. Архитекторы: Н.А. Алёшина и Н.К. Самойлова. Пилоны станции облицованы нержавеющей сталью и оранжевым пластиком. Названа в честь лётчика М.В. Бабушкина.,Дом культуры «Бабушкинский»,Культура,Культурный центр с выставками и концертами.,7,другое,средний
Свиблово,Калужско-Рижская линия,Открыта 29 сентября 1978 года. Архитекторы: Р.И. Погребной и В.А. Черемин. Названа по бывшему селу Свиблово. Оформление: пилоны из белого мрамора, путевые стены покрыты керамической плиткой.,Парк «Свиблово»,Парк,Зелёная зона с детскими и спортивными площадками.,другое,средний
Свиблово,Калужско-Рижская линия,Открыта 29 сентября 1978 года. Архитекторы: Р.И. Погребной и В.А. Черемин. Названа по бывшему селу Свиблово. Оформление: пилоны из белого мрамора, путевые стены покрыты керамической плиткой.,ТРЦ «Свиблово»,ТЦ,Торговый центр с продуктовым и кафе.,другое,средний
Свиблово,Калужско-Рижская линия,Открыта 29 сентября 1978 года. Архитекторы: Р.И. Погребной и В.А. Черемин. Названа по бывшему селу Свиблово. Оформление: пилоны из белого мрамора, путевые стены покрыты керамической плиткой.,Усадьба Свиблово (руины),Достопримечательность,Остатки исторической усадьбы XVIII века.,другое,средний
Ботанический сад,Калужско-Рижская линия,Открыта 29 сентября 1978 года. Архитекторы: Н.А. Алёшина и И.Г. Петухова. Пересадка на станцию «Ботанический сад» МЦК. Оформление посвящено растениям. Колонны отделаны зелёным мрамором и напоминают стволы деревьев.,Главный ботанический сад им. Н.В. Цицина РАН,Ботанический сад,Крупнейший ботанический сад Европы. Оранжереи, дендрарий,смотреть,средний
Ботанический сад,Калужско-Рижская линия,Открыта 29 сентября 1978 года. Архитекторы: Н.А. Алёшина и И.Г. Петухова. Пересадка на станцию «Ботанический сад» МЦК. Оформление посвящено растениям. Колонны отделаны зелёным мрамором и напоминают стволы деревьев.,Станция метро «Ботанический сад» (МЦК),Транспортный узел,Пересадка на Московское центральное кольцо.,2,смотреть,средний
Ботанический сад,Калужско-Рижская линия,Открыта 29 сентября 1978 года. Архитекторы: Н.А. Алёшина и И.Г. Петухова. Пересадка на станцию «Ботанический сад» МЦК. Оформление посвящено растениям. Колонны отделаны зелёным мрамором и напоминают стволы деревьев.,Экологическая тропа парка «Останкино»,Парк,Прогулка по природному заказнику рядом с ботсадом.,10,гулять,бесплатно
ВДНХ,Калужско-Рижская линия,Открыта 1 мая 1958 года. Архитекторы: И.Г. Таранов и Н.А. Быкова. Станция-«сороконожка» (40 пар колонн). Оформление посвящено космосу: колонны из белого мрамора с голубым цоколем. Названа по Выставке достижений народного хозяйства. Путевые стены украшены барельефами на тему науки и техники.,ВДНХ (Выставка достижений народного хозяйства),Парк/Музей,Огромная территория: павильоны, океанариум,другое,средний
ВДНХ,Калужско-Рижская линия,Открыта 1 мая 1958 года. Архитекторы: И.Г. Таранов и Н.А. Быкова. Станция-«сороконожка» (40 пар колонн). Оформление посвящено космосу: колонны из белого мрамора с голубым цоколем. Названа по Выставке достижений народного хозяйства. Путевые стены украшены барельефами на тему науки и техники.,Океанариум «Москвариум»,Океанариум,Шоу с касатками и дельфинами. Крупнейший океанариум Европы.,8,смотреть,дорого
ВДНХ,Калужско-Рижская линия,Открыта 1 мая 1958 года. Архитекторы: И.Г. Таранов и Н.А. Быкова. Станция-«сороконожка» (40 пар колонн). Оформление посвящено космосу: колонны из белого мрамора с голубым цоколем. Названа по Выставке достижений народного хозяйства. Путевые стены украшены барельефами на тему науки и техники.,Музей космонавтики,Музей,Огромная коллекция космических аппаратов. Скафандры, спутники,смотреть,средний
ВДНХ,Калужско-Рижская линия,Открыта 1 мая 1958 года. Архитекторы: И.Г. Таранов и Н.А. Быкова. Станция-«сороконожка» (40 пар колонн). Оформление посвящено космосу: колонны из белого мрамора с голубым цоколем. Названа по Выставке достижений народного хозяйства. Путевые стены украшены барельефами на тему науки и техники.,Памятник «Покорителям космоса»,Памятник,Огромный титановый монумент с космонавтом и стелой.,10,смотреть,бесплатно
Алексеевская,Калужско-Рижская линия,Открыта 1 мая 1958 года. Изначально называлась «Мир». Архитекторы: Н.А. Быкова и И.Г. Таранов. Пилоны отделаны серым и розовым мрамором. Названа по Алексеевскому району (в честь царевича Алексея).,Парк «Алексеевский»,Парк,Зелёная зона с прогулочными дорожками.,5,гулять,бесплатно
Алексеевская,Калужско-Рижская линия,Открыта 1 мая 1958 года. Изначально называлась «Мир». Архитекторы: Н.А. Быкова и И.Г. Таранов. Пилоны отделаны серым и розовым мрамором. Названа по Алексеевскому району (в честь царевича Алексея).,ТРЦ «Алексеевский»,ТЦ,Торговый центр с кинотеатром.,4,смотреть,средний
Алексеевская,Калужско-Рижская линия,Открыта 1 мая 1958 года. Изначально называлась «Мир». Архитекторы: Н.А. Быкова и И.Г. Таранов. Пилоны отделаны серым и розовым мрамором. Названа по Алексеевскому району (в честь царевича Алексея).,Свято-Троицкий храм в Алексеевском,Храм,Православный храм XVII века.,8,смотреть,бесплатно
Рижская,Калужско-Рижская линия,Открыта 1 мая 1958 года. Архитекторы: А.Ф. Стрелков и Ю.В. Вдовин. Пилоны отделаны чёрным мрамором и декоративным гипсом с рисунком «берёзка». Названа по Рижскому вокзалу. Пересадка на одноимённую станцию БКЛ и МЦД-2.,Станция метро «Рижская» (БКЛ),Транспортный узел,Пересадка на Большую кольцевую линию.,2,смотреть,средний
Рижская,Калужско-Рижская линия,Открыта 1 мая 1958 года. Архитекторы: А.Ф. Стрелков и Ю.В. Вдовин. Пилоны отделаны чёрным мрамором и декоративным гипсом с рисунком «берёзка». Названа по Рижскому вокзалу. Пересадка на одноимённую станцию БКЛ и МЦД-2.,Рижский вокзал,Транспортный узел,Вокзал поездов в Ригу и электричек в Красногорск.,4,смотреть,средний
Рижская,Калужско-Рижская линия,Открыта 1 мая 1958 года. Архитекторы: А.Ф. Стрелков и Ю.В. Вдовин. Пилоны отделаны чёрным мрамором и декоративным гипсом с рисунком «берёзка». Названа по Рижскому вокзалу. Пересадка на одноимённую станцию БКЛ и МЦД-2.,Рижский рынок,Рынок,Гастрономический рынок. Восточные сладости, сыры,есть,средний
Рижская,Калужско-Рижская линия,Открыта 1 мая 1958 года. Архитекторы: А.Ф. Стрелков и Ю.В. Вдовин. Пилоны отделаны чёрным мрамором и декоративным гипсом с рисунком «берёзка». Названа по Рижскому вокзалу. Пересадка на одноимённую станцию БКЛ и МЦД-2.,Храм Иконы Божией Матери «Знамение»,Храм,Православный храм рядом с Рижским рынком.,6,смотреть,бесплатно
Проспект Мира,Калужско-Рижская линия,Открыта 1 мая 1958 года. Архитекторы: В.В. Лебедев и П.П. Штеллер. Пилоны отделаны розоватым мрамором. Пересадка на станцию «Проспект Мира» Кольцевой линии.,Станция метро «Проспект Мира» (Кольцевая),Транспортный узел,Пересадка на Кольцевую линию.,1,смотреть,средний
Проспект Мира,Калужско-Рижская линия,Открыта 1 мая 1958 года. Архитекторы: В.В. Лебедев и П.П. Штеллер. Пилоны отделаны розоватым мрамором. Пересадка на станцию «Проспект Мира» Кольцевой линии.,Московский планетарий,Музей/Культура,Один из крупнейших планетариев мира. Полнокупольные шоу.,8,смотреть,средний
Проспект Мира,Калужско-Рижская линия,Открыта 1 мая 1958 года. Архитекторы: В.В. Лебедев и П.П. Штеллер. Пилоны отделаны розоватым мрамором. Пересадка на станцию «Проспект Мира» Кольцевой линии.,Ботанический сад МГУ «Аптекарский огород»,Ботанический сад,Старейший ботанический сад России. Пионы, лотосы,смотреть,средний
Проспект Мира,Калужско-Рижская линия,Открыта 1 мая 1958 года. Архитекторы: В.В. Лебедев и П.П. Штеллер. Пилоны отделаны розоватым мрамором. Пересадка на станцию «Проспект Мира» Кольцевой линии.,Останкинская телебашня,Достопримечательность,Высочайшее здание Европы (540 м). Смотровая площадка и ресторан.,14,смотреть,средний
Проспект Мира,Калужско-Рижская линия,Открыта 1 мая 1958 года. Архитекторы: В.В. Лебедев и П.П. Штеллер. Пилоны отделаны розоватым мрамором. Пересадка на станцию «Проспект Мира» Кольцевой линии.,Улица Гиляровского (пешеходная зона),Улица,Уютная пешеходная улица с кафе и барами.,5,гулять,бесплатно
Сухаревская,Калужско-Рижская линия,Открыта 5 января 1972 года. Архитекторы: Н.А. Алёшина и Л.Н. Павлов. Пилоны отделаны белым мрамором. Названа по Сухаревой башне (снесена в 1934 году). На станции сохранилась мемориальная доска в память о башне.,Сухаревская площадь,Площадь,Историческая площадь. Памятник Сухаревой башне (макет или мемориальный знак).,2,смотреть,бесплатно
Сухаревская,Калужско-Рижская линия,Открыта 5 января 1972 года. Архитекторы: Н.А. Алёшина и Л.Н. Павлов. Пилоны отделаны белым мрамором. Названа по Сухаревой башне (снесена в 1934 году). На станции сохранилась мемориальная доска в память о башне.,Театр «Современник»,Театр,Легендарный театр Галины Волчек.,7,смотреть,средний
Сухаревская,Калужско-Рижская линия,Открыта 5 января 1972 года. Архитекторы: Н.А. Алёшина и Л.Н. Павлов. Пилоны отделаны белым мрамором. Названа по Сухаревой башне (снесена в 1934 году). На станции сохранилась мемориальная доска в память о башне.,Сад «Эрмитаж»,Парк/Театр,Уютный парк с театрами и кинотеатром под открытым небом.,10,другое,средний
Сухаревская,Калужско-Рижская линия,Открыта 5 января 1972 года. Архитекторы: Н.А. Алёшина и Л.Н. Павлов. Пилоны отделаны белым мрамором. Названа по Сухаревой башне (снесена в 1934 году). На станции сохранилась мемориальная доска в память о башне.,Тургеневская площадь,Площадь,Сквер и памятник Тургеневу.,4,смотреть,бесплатно
Тургеневская,Калужско-Рижская линия,Открыта 5 января 1972 года. Архитекторы: Н.А. Алёшина и Л.Н. Павлов. Пересадка на станции «Чистые пруды» (Сокольническая) и «Сретенский бульвар» (Люблинско-Дмитровская). Названа в честь писателя И.С. Тургенева.,Чистые пруды,Парк,Один из красивейших прудов Москвы. Утки, лодки,гулять,бесплатно
Тургеневская,Калужско-Рижская линия,Открыта 5 января 1972 года. Архитекторы: Н.А. Алёшина и Л.Н. Павлов. Пересадка на станции «Чистые пруды» (Сокольническая) и «Сретенский бульвар» (Люблинско-Дмитровская). Названа в честь писателя И.С. Тургенева.,МХТ им. Чехова,Театр,Легендарный Московский Художественный театр.,6,смотреть,средний
Тургеневская,Калужско-Рижская линия,Открыта 5 января 1972 года. Архитекторы: Н.А. Алёшина и Л.Н. Павлов. Пересадка на станции «Чистые пруды» (Сокольническая) и «Сретенский бульвар» (Люблинско-Дмитровская). Названа в честь писателя И.С. Тургенева.,Чистопрудный бульвар,Улица/Парк,Пешеходный бульвар. Памятник Грибоедову.,3,гулять,средний
Тургеневская,Калужско-Рижская линия,Открыта 5 января 1972 года. Архитекторы: Н.А. Алёшина и Л.Н. Павлов. Пересадка на станции «Чистые пруды» (Сокольническая) и «Сретенский бульвар» (Люблинско-Дмитровская). Названа в честь писателя И.С. Тургенева.,Памятник Тургеневу,Памятник,Скульптура писателя на Тургеневской площади.,2,смотреть,бесплатно
Китай-город,Калужско-Рижская линия,Открыта 3 января 1971 года. Архитекторы: А.Ф. Стрелков и Л.В. Малашонок. Самая загруженная пересадочная станция (переход на Таганско-Краснопресненскую линию). Названа по историческому району Китай-город (этимология спорна: либо от «кита» — плетень, либо от «Китайской стены»?).,Красная площадь,Достопримечательность,Главная площадь страны. Собор Василия Блаженного,другое,средний
Китай-город,Калужско-Рижская линия,Открыта 3 января 1971 года. Архитекторы: А.Ф. Стрелков и Л.В. Малашонок. Самая загруженная пересадочная станция (переход на Таганско-Краснопресненскую линию). Названа по историческому району Китай-город (этимология спорна: либо от «кита» — плетень, либо от «Китайской стены»?).,Парк «Зарядье»,Парк,Парк с парящим мостом над Москвой-рекой.,другое,средний
Китай-город,Калужско-Рижская линия,Открыта 3 января 1971 года. Архитекторы: А.Ф. Стрелков и Л.В. Малашонок. Самая загруженная пересадочная станция (переход на Таганско-Краснопресненскую линию). Названа по историческому району Китай-город (этимология спорна: либо от «кита» — плетень, либо от «Китайской стены»?).,Улица Ильинка,Улица,Историческая улица с купеческими палатами.,другое,средний
Китай-город,Калужско-Рижская линия,Открыта 3 января 1971 года. Архитекторы: А.Ф. Стрелков и Л.В. Малашонок. Самая загруженная пересадочная станция (переход на Таганско-Краснопресненскую линию). Названа по историческому району Китай-город (этимология спорна: либо от «кита» — плетень, либо от «Китайской стены»?).,Старый Английский двор,Музей,Палаты XVI века. История английских купцов в Москве.,другое,средний
Третьяковская,Калужско-Рижская линия,Открыта 3 января 1971 года. Архитекторы: А.Ф. Стрелков и Л.В. Малашонок. Пересадка на станцию «Новокузнецкая» Замоскворецкой линии. Одна из двух последних станций глубокого заложения (колонная-трисвод). Названа по Третьяковской галерее.,Государственная Третьяковская галерея (старое здание),Музей,Главный музей русского искусства. Иконы, передвижники,смотреть,средний
Третьяковская,Калужско-Рижская линия,Открыта 3 января 1971 года. Архитекторы: А.Ф. Стрелков и Л.В. Малашонок. Пересадка на станцию «Новокузнецкая» Замоскворецкой линии. Одна из двух последних станций глубокого заложения (колонная-трисвод). Названа по Третьяковской галерее.,Кадашёвская набережная,Набережная,Прогулка вдоль Водоотводного канала. Вид на Кремль.,6,гулять,бесплатно
Третьяковская,Калужско-Рижская линия,Открыта 3 января 1971 года. Архитекторы: А.Ф. Стрелков и Л.В. Малашонок. Пересадка на станцию «Новокузнецкая» Замоскворецкой линии. Одна из двух последних станций глубокого заложения (колонная-трисвод). Названа по Третьяковской галерее.,Храм Святителя Николая в Толмачах,Храм,Домовый храм при Третьяковке. Чудотворная икона.,4,смотреть,бесплатно
Третьяковская,Калужско-Рижская линия,Открыта 3 января 1971 года. Архитекторы: А.Ф. Стрелков и Л.В. Малашонок. Пересадка на станцию «Новокузнецкая» Замоскворецкой линии. Одна из двух последних станций глубокого заложения (колонная-трисвод). Названа по Третьяковской галерее.,Станция метро «Новокузнецкая»,Транспортный узел,Пересадка на Замоскворецкую линию.,2,смотреть,средний
Октябрьская,Калужско-Рижская линия,Открыта 13 октября 1962 года. Архитекторы: Н.А. Алёшина и Н.М. Зикеева. Пересадка на станцию «Октябрьская» Кольцевой линии. Названа в честь Октябрьской революции. Пилоны отделаны красным мрамором.,Станция метро «Октябрьская» (Кольцевая),Транспортный узел,Пересадка на Кольцевую линию.,1,смотреть,средний
Октябрьская,Калужско-Рижская линия,Открыта 13 октября 1962 года. Архитекторы: Н.А. Алёшина и Н.М. Зикеева. Пересадка на станцию «Октябрьская» Кольцевой линии. Названа в честь Октябрьской революции. Пилоны отделаны красным мрамором.,Новая Третьяковка (ЦДХ),Музей,Современное искусство XX-XXI века. Выставки авангарда.,10,смотреть,средний
Октябрьская,Калужско-Рижская линия,Открыта 13 октября 1962 года. Архитекторы: Н.А. Алёшина и Н.М. Зикеева. Пересадка на станцию «Октябрьская» Кольцевой линии. Названа в честь Октябрьской революции. Пилоны отделаны красным мрамором.,Парк искусств «Музеон»,Парк,Сад скульптур. Бюсты советских вождей.,8,гулять,бесплатно
Октябрьская,Калужско-Рижская линия,Открыта 13 октября 1962 года. Архитекторы: Н.А. Алёшина и Н.М. Зикеева. Пересадка на станцию «Октябрьская» Кольцевой линии. Названа в честь Октябрьской революции. Пилоны отделаны красным мрамором.,Калужская площадь (фонтан «Мальчик с рыбой»),Памятник/Фонтан,Изящный фонтан высотой 8.5 метров.,5,другое,средний
Шаболовская,Калужско-Рижская линия,Открыта 6 ноября 1980 года. Архитекторы: Л.Н. Павлов и И.Г. Петухова. Пилоны отделаны светлым мрамором и анодированным алюминием. Одна из немногих станций с прямым доступом к Шуховской башне — шедевру инженерной мысли.,Шуховская башня,Достопримечательность,Радиобашня инженера В.Г. Шухова. Шедевр авангардной архитектуры (вид снаружи).,8,смотреть,средний
Шаболовская,Калужско-Рижская линия,Открыта 6 ноября 1980 года. Архитекторы: Л.Н. Павлов и И.Г. Петухова. Пилоны отделаны светлым мрамором и анодированным алюминием. Одна из немногих станций с прямым доступом к Шуховской башне — шедевру инженерной мысли.,Парк «Шаболовка»,Парк,Зелёная зона с прогулочными дорожками.,5,гулять,бесплатно
Шаболовская,Калужско-Рижская линия,Открыта 6 ноября 1980 года. Архитекторы: Л.Н. Павлов и И.Г. Петухова. Пилоны отделаны светлым мрамором и анодированным алюминием. Одна из немногих станций с прямым доступом к Шуховской башне — шедевру инженерной мысли.,ТЦ «Шаболовский»,ТЦ,Торговый центр с продуктовым.,3,смотреть,средний
Ленинский проспект,Калужско-Рижская линия,Открыта 13 октября 1962 года. Архитекторы: А.Ф. Стрелков и Л.В. Малашонок. Пересадка на станцию «Площадь Гагарина» МЦК. Пилоны из белого мрамора с вертикальными полосами. Названа по Ленинскому проспекту.,Станция метро «Площадь Гагарина» (МЦК),Транспортный узел,Пересадка на Московское центральное кольцо.,2,смотреть,средний
Ленинский проспект,Калужско-Рижская линия,Открыта 13 октября 1962 года. Архитекторы: А.Ф. Стрелков и Л.В. Малашонок. Пересадка на станцию «Площадь Гагарина» МЦК. Пилоны из белого мрамора с вертикальными полосами. Названа по Ленинскому проспекту.,Памятник Гагарину,Памятник,Огромный титановый монумент первому космонавту.,4,смотреть,бесплатно
Ленинский проспект,Калужско-Рижская линия,Открыта 13 октября 1962 года. Архитекторы: А.Ф. Стрелков и Л.В. Малашонок. Пересадка на станцию «Площадь Гагарина» МЦК. Пилоны из белого мрамора с вертикальными полосами. Названа по Ленинскому проспекту.,Нескучный сад (южный вход),Парк,Старейший парк Москвы. Усадьбы, пруды.,гулять,бесплатно
Академическая,Калужско-Рижская линия,Открыта 13 октября 1962 года. Архитекторы: А.Ф. Стрелков и Л.В. Малашонок. Пилоны отделаны светлым мрамором. Названа по близости к Академии наук.,Парк «Академический»,Парк,Зелёная зона с фонтаном.,5,гулять,бесплатно
Академическая,Калужско-Рижская линия,Открыта 13 октября 1962 года. Архитекторы: А.Ф. Стрелков и Л.В. Малашонок. Пилоны отделаны светлым мрамором. Названа по близости к Академии наук.,ТЦ «Академический»,ТЦ,Торговый центр с универсамом.,3,смотреть,средний
Академическая,Калужско-Рижская линия,Открыта 13 октября 1962 года. Архитекторы: А.Ф. Стрелков и Л.В. Малашонок. Пилоны отделаны светлым мрамором. Названа по близости к Академии наук.,Парк «Воронцовский»,Парк/Усадьба,Усадьба XVIII века. Пруды, старинный храм.,другое,средний
Профсоюзная,Калужско-Рижская линия,Открыта 13 октября 1962 года. Архитекторы: А.Ф. Стрелков и Л.В. Малашонок. Пилоны отделаны белым мрамором.,Парк «Профсоюзный»,Парк,Зелёная зона с прогулочными дорожками.,4,гулять,бесплатно
Профсоюзная,Калужско-Рижская линия,Открыта 13 октября 1962 года. Архитекторы: А.Ф. Стрелков и Л.В. Малашонок. Пилоны отделаны белым мрамором.,ТРЦ «Профсоюзный»,ТЦ,Крупный ТЦ с кинотеатром.,3,смотреть,средний
Профсоюзная,Калужско-Рижская линия,Открыта 13 октября 1962 года. Архитекторы: А.Ф. Стрелков и Л.В. Малашонок. Пилоны отделаны белым мрамором.,Сквер на Профсоюзной улице,Парк,Народное пространство.,2,гулять,бесплатно
Новые Черёмушки,Калужско-Рижская линия,Открыта 13 октября 1962 года. Архитекторы: А.Ф. Стрелков и Л.В. Малашонок. Пилоны отделаны серым мрамором. Названа по району Новые Черёмушки.,Парк «Черёмушки»,Парк,Зелёная зона с детскими площадками.,6,гулять,бесплатно
Новые Черёмушки,Калужско-Рижская линия,Открыта 13 октября 1962 года. Архитекторы: А.Ф. Стрелков и Л.В. Малашонок. Пилоны отделаны серым мрамором. Названа по району Новые Черёмушки.,ТЦ «Черёмушки»,ТЦ,Торговый центр с гипермаркетом.,4,смотреть,средний
Новые Черёмушки,Калужско-Рижская линия,Открыта 13 октября 1962 года. Архитекторы: А.Ф. Стрелков и Л.В. Малашонок. Пилоны отделаны серым мрамором. Названа по району Новые Черёмушки.,Храм Троицы Живоначальной в Старых Черёмушках,Храм,Старый храм XVIII века.,10,смотреть,бесплатно
Калужская,Калужско-Рижская линия,Открыта 12 августа 1974 года. Архитекторы: Н.А. Алёшина и Л.Н. Павлов. Пересадка на станцию «Воронцовская» БКЛ. Пилоны отделаны белым мрамором. Названа по Калужской площади и исторической дороге на Калугу.,Станция метро «Воронцовская» (БКЛ),Транспортный узел,Пересадка на Большую кольцевую линию.,2,смотреть,средний
Калужская,Калужско-Рижская линия,Открыта 12 августа 1974 года. Архитекторы: Н.А. Алёшина и Л.Н. Павлов. Пересадка на станцию «Воронцовская» БКЛ. Пилоны отделаны белым мрамором. Названа по Калужской площади и исторической дороге на Калугу.,Воронцовский парк,Парк/Усадьба,Садово-парковый ансамбль XVIII века. Пруды, дворец.,другое,средний
Калужская,Калужско-Рижская линия,Открыта 12 августа 1974 года. Архитекторы: Н.А. Алёшина и Л.Н. Павлов. Пересадка на станцию «Воронцовская» БКЛ. Пилоны отделаны белым мрамором. Названа по Калужской площади и исторической дороге на Калугу.,ТЦ «Калужский»,ТЦ,Торговый центр с магазинами.,3,смотреть,средний
Беляево,Калужско-Рижская линия,Открыта 12 августа 1974 года. Архитекторы: Н.А. Алёшина и Л.Н. Павлов. Названа по селу Беляево-Богородское. Тема оформления — «Природа Подмосковья». Пилоны отделаны белым мрамором и украшены гипсовыми барельефами растений и животных.,Парк «Беляево»,Парк,Зелёная зона с прогулочными дорожками.,5,гулять,бесплатно
Беляево,Калужско-Рижская линия,Открыта 12 августа 1974 года. Архитекторы: Н.А. Алёшина и Л.Н. Павлов. Названа по селу Беляево-Богородское. Тема оформления — «Природа Подмосковья». Пилоны отделаны белым мрамором и украшены гипсовыми барельефами растений и животных.,ТРЦ «Беляево»,ТЦ,Торговый центр с кинотеатром.,4,смотреть,средний
Беляево,Калужско-Рижская линия,Открыта 12 августа 1974 года. Архитекторы: Н.А. Алёшина и Л.Н. Павлов. Названа по селу Беляево-Богородское. Тема оформления — «Природа Подмосковья». Пилоны отделаны белым мрамором и украшены гипсовыми барельефами растений и животных.,Храм Архистратига Михаила в Тропарёве,Храм,Старинный храм XVII века.,12,смотреть,бесплатно
Коньково,Калужско-Рижская линия,Открыта 6 ноября 1987 года. Архитекторы: Л.Н. Павлов и И.Г. Петухова. Пилоны отделаны серо-голубым мрамором.,ТРЦ «Коньково»,ТЦ,Крупный ТЦ с гипермаркетом.,3,смотреть,средний
Коньково,Калужско-Рижская линия,Открыта 6 ноября 1987 года. Архитекторы: Л.Н. Павлов и И.Г. Петухова. Пилоны отделаны серо-голубым мрамором.,Парк «Коньково»,Парк,Зелёная зона с детскими площадками.,5,гулять,бесплатно
Коньково,Калужско-Рижская линия,Открыта 6 ноября 1987 года. Архитекторы: Л.Н. Павлов и И.Г. Петухова. Пилоны отделаны серо-голубым мрамором.,Улица Островитянова (пешеходная зона),Улица,Прогулочная зона.,2,гулять,бесплатно
Тёплый Стан,Калужско-Рижская линия,Открыта 6 ноября 1987 года. Архитекторы: Л.Н. Павлов и И.Г. Петухова. Пилоны отделаны светлым мрамором. Названа по селу Тёплый Стан (почтовой станции на Калужской дороге).,Парк «Тёплый Стан»,Парк,Большой лесопарк. Экотропы, белки.,гулять,бесплатно
Тёплый Стан,Калужско-Рижская линия,Открыта 6 ноября 1987 года. Архитекторы: Л.Н. Павлов и И.Г. Петухова. Пилоны отделаны светлым мрамором. Названа по селу Тёплый Стан (почтовой станции на Калужской дороге).,ТРЦ «Тёплый Стан»,ТЦ,Торговый центр с кинотеатром.,4,смотреть,средний
Тёплый Стан,Калужско-Рижская линия,Открыта 6 ноября 1987 года. Архитекторы: Л.Н. Павлов и И.Г. Петухова. Пилоны отделаны светлым мрамором. Названа по селу Тёплый Стан (почтовой станции на Калужской дороге).,Сквер на улице Тёплый Стан,Парк,Народное пространство.,2,гулять,бесплатно
Ясенево,Калужско-Рижская линия,Открыта 17 января 1990 года. Архитекторы: Н.И. Шумаков и Г.С. Мун. Пилоны отделаны белым мрамором и зелёным гранитом.,Парк «Ясенево»,Парк,Зелёная зона с прудами.,5,гулять,бесплатно
Ясенево,Калужско-Рижская линия,Открыта 17 января 1990 года. Архитекторы: Н.И. Шумаков и Г.С. Мун. Пилоны отделаны белым мрамором и зелёным гранитом.,ТРЦ «Ясенево»,ТЦ,Крупный ТЦ с гипермаркетом.,3,смотреть,средний
Ясенево,Калужско-Рижская линия,Открыта 17 января 1990 года. Архитекторы: Н.И. Шумаков и Г.С. Мун. Пилоны отделаны белым мрамором и зелёным гранитом.,Битцевский лес (Битцевский парк),Парк,Огромный лесопарк с экотропами.,10,гулять,бесплатно
Новоясеневская,Калужско-Рижская линия,Открыта 17 января 1990 года. Архитекторы: Н.И. Шумаков и Г.С. Мун. Конечная станция. Изначально называлась «Битцевский парк». Пересадка на станцию «Битцевский парк» БКЛ. Самая глубокая на линии.,Станция метро «Битцевский парк» (БКЛ),Транспортный узел,Пересадка на Большую кольцевую линию.,1,смотреть,средний
Новоясеневская,Калужско-Рижская линия,Открыта 17 января 1990 года. Архитекторы: Н.И. Шумаков и Г.С. Мун. Конечная станция. Изначально называлась «Битцевский парк». Пересадка на станцию «Битцевский парк» БКЛ. Самая глубокая на линии.,Битцевский лес (южный вход),Парк,Лесопарк с лыжными трассами.,5,гулять,бесплатно
Новоясеневская,Калужско-Рижская линия,Открыта 17 января 1990 года. Архитекторы: Н.И. Шумаков и Г.С. Мун. Конечная станция. Изначально называлась «Битцевский парк». Пересадка на станцию «Битцевский парк» БКЛ. Самая глубокая на линии.,Парк «Новоясеневский»,Парк,Зелёная зона с детскими площадками.,4,гулять,бесплатно
Алтуфьево,Серпуховско-Тимирязевская линия,Открыта 15 июля 1994 года. Архитекторы: Л.Л. Борзенков и А.Л. Вигдоров. Станция глубокого заложения (пилонная четырёхсводчатая) — единственная в Москве такого типа. Названа по деревне Алтуфьево. Тема оформления — «Природа Подмосковья».,Лианозовский парк культуры и отдыха,Парк,Крупный парк с аттракционами, прудами и лыжной трассой. Место для активного отдыха.,гулять,бесплатно
Алтуфьево,Серпуховско-Тимирязевская линия,Открыта 15 июля 1994 года. Архитекторы: Л.Л. Борзенков и А.Л. Вигдоров. Станция глубокого заложения (пилонная четырёхсводчатая) — единственная в Москве такого типа. Названа по деревне Алтуфьево. Тема оформления — «Природа Подмосковья».,Усадьба Алтуфьево,Усадьба,Восстановленная усадьба XVIII века с прудами и храмом. Приоратский дворец и регулярный парк.,5,смотреть,средний
Алтуфьево,Серпуховско-Тимирязевская линия,Открыта 15 июля 1994 года. Архитекторы: Л.Л. Борзенков и А.Л. Вигдоров. Станция глубокого заложения (пилонная четырёхсводчатая) — единственная в Москве такого типа. Названа по деревне Алтуфьево. Тема оформления — «Природа Подмосковья».,ТЦ «Алтуфьево»,ТЦ,Крупный ТЦ с гипермаркетом и кинотеатром.,3,смотреть,средний
Бибирево,Серпуховско-Тимирязевская линия,Открыта 31 декабря 1992 года. Архитекторы: Л.Л. Борзенков и А.Л. Вигдоров. Пилоны отделаны бледно-голубым мрамором с тёмно-синими вставками.,Парк «Бибирево»,Парк,Зелёная зона с прогулочными дорожками и детскими площадками.,6,гулять,бесплатно
Бибирево,Серпуховско-Тимирязевская линия,Открыта 31 декабря 1992 года. Архитекторы: Л.Л. Борзенков и А.Л. Вигдоров. Пилоны отделаны бледно-голубым мрамором с тёмно-синими вставками.,ТРЦ «Бибирево»,ТЦ,Торговый центр с продуктовым и кафе.,4,смотреть,средний
Бибирево,Серпуховско-Тимирязевская линия,Открыта 31 декабря 1992 года. Архитекторы: Л.Л. Борзенков и А.Л. Вигдоров. Пилоны отделаны бледно-голубым мрамором с тёмно-синими вставками.,Сквер на улице Корнейчука,Парк,Ухоженный сквер с лавочками.,3,гулять,бесплатно
Отрадное,Серпуховско-Тимирязевская линия,Открыта 1 марта 1991 года. Архитекторы: Л.Л. Борзенков и А.Л. Вигдоров. Пилоны отделаны розовым мрамором. Названа по району Отрадное.,Парк «Отрадное»,Парк,Зелёная зона с фонтаном и спортивными площадками.,5,гулять,бесплатно
Отрадное,Серпуховско-Тимирязевская линия,Открыта 1 марта 1991 года. Архитекторы: Л.Л. Борзенков и А.Л. Вигдоров. Пилоны отделаны розовым мрамором. Названа по району Отрадное.,ТРЦ «Отрада»,ТЦ,Торговый центр с кинотеатром и фуд-кортом.,3,смотреть,средний
Отрадное,Серпуховско-Тимирязевская линия,Открыта 1 марта 1991 года. Архитекторы: Л.Л. Борзенков и А.Л. Вигдоров. Пилоны отделаны розовым мрамором. Названа по району Отрадное.,Сквер на Отрадной улице,Парк,Прогулочная зона.,2,гулять,бесплатно
Владыкино,Серпуховско-Тимирязевская линия,Открыта 1 марта 1991 года. Архитекторы: Л.Л. Борзенков и А.Л. Вигдоров. Пересадка на станцию «Владыкино» МЦК. Пилоны отделаны белым и чёрным мрамором.,Станция метро «Владыкино» (МЦК),Транспортный узел,Пересадка на Московское центральное кольцо.,2,смотреть,средний
Владыкино,Серпуховско-Тимирязевская линия,Открыта 1 марта 1991 года. Архитекторы: Л.Л. Борзенков и А.Л. Вигдоров. Пересадка на станцию «Владыкино» МЦК. Пилоны отделаны белым и чёрным мрамором.,Ботанический сад МГУ «Аптекарский огород»,Ботанический сад,Старейший ботанический сад России. Коллекция растений и цветочные фестивали.,12,смотреть,средний
Владыкино,Серпуховско-Тимирязевская линия,Открыта 1 марта 1991 года. Архитекторы: Л.Л. Борзенков и А.Л. Вигдоров. Пересадка на станцию «Владыкино» МЦК. Пилоны отделаны белым и чёрным мрамором.,Парк «Владыкино»,Парк,Зелёная зона с детскими площадками.,5,гулять,бесплатно
Петровско-Разумовская,Серпуховско-Тимирязевская линия,Открыта 1 марта 1991 года. Архитекторы: Л.Л. Борзенков и А.Л. Вигдоров. Кросс-платформенная пересадка на станцию «Петровско-Разумовская» Люблинско-Дмитровской линии. Пилоны отделаны серым мрамором.,Парк «Петровско-Разумовское»,Парк,Большая лесопарковая зона с прудами. Место для прогулок.,5,гулять,бесплатно
Петровско-Разумовская,Серпуховско-Тимирязевская линия,Открыта 1 марта 1991 года. Архитекторы: Л.Л. Борзенков и А.Л. Вигдоров. Кросс-платформенная пересадка на станцию «Петровско-Разумовская» Люблинско-Дмитровской линии. Пилоны отделаны серым мрамором.,Российский государственный аграрный университет (Тимирязевская академия),Учебное заведение,Историческое здание сельскохозяйственной академии. Музей коневодства.,8,смотреть,средний
Петровско-Разумовская,Серпуховско-Тимирязевская линия,Открыта 1 марта 1991 года. Архитекторы: Л.Л. Борзенков и А.Л. Вигдоров. Кросс-платформенная пересадка на станцию «Петровско-Разумовская» Люблинско-Дмитровской линии. Пилоны отделаны серым мрамором.,Станция метро «Петровско-Разумовская» (салатовая ветка),Транспортный узел,Кросс-платформенная пересадка.,1,смотреть,средний
Тимирязевская,Серпуховско-Тимирязевская линия,Открыта 1 марта 1991 года. Архитекторы: Л.Л. Борзенков и А.Л. Вигдоров. Названа в честь учёного-биолога К.А. Тимирязева. Пересадка на станцию «Тимирязевская» МЦД-1 и одноимённую платформу Савёловского направления.,Парк «Тимирязевский»,Парк,Лесопарк с вековыми дубами. Экотропы, белки.,гулять,бесплатно
Тимирязевская,Серпуховско-Тимирязевская линия,Открыта 1 марта 1991 года. Архитекторы: Л.Л. Борзенков и А.Л. Вигдоров. Названа в честь учёного-биолога К.А. Тимирязева. Пересадка на станцию «Тимирязевская» МЦД-1 и одноимённую платформу Савёловского направления.,Ботанический сад МГУ «Аптекарский огород» (северный вход),Ботанический сад,Старейший ботанический сад. Пальмовая оранжерея.,10,смотреть,средний
Тимирязевская,Серпуховско-Тимирязевская линия,Открыта 1 марта 1991 года. Архитекторы: Л.Л. Борзенков и А.Л. Вигдоров. Названа в честь учёного-биолога К.А. Тимирязева. Пересадка на станцию «Тимирязевская» МЦД-1 и одноимённую платформу Савёловского направления.,ТЦ «Тимирязевский»,ТЦ,Торговый центр с продуктовым.,4,смотреть,средний
Дмитровская,Серпуховско-Тимирязевская линия,Открыта 1 марта 1991 года. Архитекторы: Л.Л. Борзенков и А.Л. Вигдоров. Пилоны отделаны белым мрамором с зелёными вставками. Названа по Дмитровскому шоссе.,Дмитровский парк,Парк,Современный парк с фонтаном и прогулочными зонами.,5,гулять,бесплатно
Дмитровская,Серпуховско-Тимирязевская линия,Открыта 1 марта 1991 года. Архитекторы: Л.Л. Борзенков и А.Л. Вигдоров. Пилоны отделаны белым мрамором с зелёными вставками. Названа по Дмитровскому шоссе.,ТРЦ «Дмитровский»,ТЦ,Торговый центр с кинотеатром.,3,смотреть,средний
Дмитровская,Серпуховско-Тимирязевская линия,Открыта 1 марта 1991 года. Архитекторы: Л.Л. Борзенков и А.Л. Вигдоров. Пилоны отделаны белым мрамором с зелёными вставками. Названа по Дмитровскому шоссе.,Сквер на Дмитровском шоссе,Парк,Благоустроенная пешеходная зона.,2,гулять,бесплатно
Савёловская,Серпуховско-Тимирязевская линия,Открыта 31 декабря 1988 года. Архитекторы: Л.Н. Павлов и И.Г. Петухова. Пилоны отделаны белым мрамором. Пересадка на станцию «Савёловская» БКЛ и Савёловский вокзал.,Станция метро «Савёловская» (БКЛ),Транспортный узел,Пересадка на Большую кольцевую линию.,1,смотреть,средний
Савёловская,Серпуховско-Тимирязевская линия,Открыта 31 декабря 1988 года. Архитекторы: Л.Н. Павлов и И.Г. Петухова. Пилоны отделаны белым мрамором. Пересадка на станцию «Савёловская» БКЛ и Савёловский вокзал.,Савёловский вокзал,Транспортный узел,Аэроэкспресс в Шереметьево. Поезда на север.,2,смотреть,средний
Савёловская,Серпуховско-Тимирязевская линия,Открыта 31 декабря 1988 года. Архитекторы: Л.Н. Павлов и И.Г. Петухова. Пилоны отделаны белым мрамором. Пересадка на станцию «Савёловская» БКЛ и Савёловский вокзал.,Дизайн-завод «Флакон»,Культурный центр,Креативное пространство на месте бывшего хрустального завода. Шоурумы, кафе,другое,средний
Менделеевская,Серпуховско-Тимирязевская линия,Открыта 31 декабря 1988 года. Архитекторы: Л.Н. Павлов и И.Г. Петухова. Пилоны отделаны белым мрамором. Названа в честь химика Д.И. Менделеева. Памятник бездомной собаке (у входа в переход).,Театр «У Никитских ворот»,Театр,Камерный театр Марка Розовского. Всегда аншлаг.,4,смотреть,средний
Менделеевская,Серпуховско-Тимирязевская линия,Открыта 31 декабря 1988 года. Архитекторы: Л.Н. Павлов и И.Г. Петухова. Пилоны отделаны белым мрамором. Названа в честь химика Д.И. Менделеева. Памятник бездомной собаке (у входа в переход).,Памятник бездомной собаке (Мальчик),Памятник,Бронзовый пёс «Мальчик» — символ доброты и заботы о животных.,1,смотреть,бесплатно
Менделеевская,Серпуховско-Тимирязевская линия,Открыта 31 декабря 1988 года. Архитекторы: Л.Н. Павлов и И.Г. Петухова. Пилоны отделаны белым мрамором. Названа в честь химика Д.И. Менделеева. Памятник бездомной собаке (у входа в переход).,Станция метро «Новослободская» (Кольцевая),Транспортный узел,Пересадка на Кольцевую линию через переход.,3,смотреть,средний
Менделеевская,Серпуховско-Тимирязевская линия,Открыта 31 декабря 1988 года. Архитекторы: Л.Н. Павлов и И.Г. Петухова. Пилоны отделаны белым мрамором. Названа в честь химика Д.И. Менделеева. Памятник бездомной собаке (у входа в переход).,Кафе «АндерСон»,Кафе,Семейное кафе с огромными десертами.,5,есть,дёшево
Цветной бульвар,Серпуховско-Тимирязевская линия,Открыта 31 декабря 1988 года. Архитекторы: Л.Н. Павлов и И.Г. Петухова. Перегиб профиля — станция изогнута из-за расположения вблизи реки Неглинной. Пилоны отделаны белым мрамором.,Московский цирк Никулина на Цветном бульваре,Цирк,Легендарный цирк «Старый цирк». Старейший стационарный цирк России.,3,смотреть,средний
Цветной бульвар,Серпуховско-Тимирязевская линия,Открыта 31 декабря 1988 года. Архитекторы: Л.Н. Павлов и И.Г. Петухова. Перегиб профиля — станция изогнута из-за расположения вблизи реки Неглинной. Пилоны отделаны белым мрамором.,Цветной бульвар,Улица,Пешеходный бульвар с фонтанами и кафе.,2,гулять,бесплатно
Цветной бульвар,Серпуховско-Тимирязевская линия,Открыта 31 декабря 1988 года. Архитекторы: Л.Н. Павлов и И.Г. Петухова. Перегиб профиля — станция изогнута из-за расположения вблизи реки Неглинной. Пилоны отделаны белым мрамором.,Станция метро «Трубная»,Транспортный узел,Пересадка на Люблинско-Дмитровскую линию.,2,смотреть,средний
Цветной бульвар,Серпуховско-Тимирязевская линия,Открыта 31 декабря 1988 года. Архитекторы: Л.Н. Павлов и И.Г. Петухова. Перегиб профиля — станция изогнута из-за расположения вблизи реки Неглинной. Пилоны отделаны белым мрамором.,Кафе «Хлеб и Соль»,Кафе,Уютная пекарня с отличными круассанами.,4,есть,дёшево
Чеховская,Серпуховско-Тимирязевская линия,Открыта 31 декабря 1987 года. Архитекторы: Л.Н. Павлов и др. Пилоны отделаны белым мрамором и розовым гранитом. Названа в честь писателя А.П. Чехова.,МХТ им. Чехова,Театр,Легендарный Московский Художественный театр имени А.П. Чехова.,4,смотреть,средний
Чеховская,Серпуховско-Тимирязевская линия,Открыта 31 декабря 1987 года. Архитекторы: Л.Н. Павлов и др. Пилоны отделаны белым мрамором и розовым гранитом. Названа в честь писателя А.П. Чехова.,Камергерский переулок,Улица,Пешеходный переулок с театрами (МХТ, Театр Маяковского) и кафе.,гулять,бесплатно
Чеховская,Серпуховско-Тимирязевская линия,Открыта 31 декабря 1987 года. Архитекторы: Л.Н. Павлов и др. Пилоны отделаны белым мрамором и розовым гранитом. Названа в честь писателя А.П. Чехова.,Памятник Чехову,Памятник,Скульптура писателя в Камергерском переулке.,2,смотреть,бесплатно
Чеховская,Серпуховско-Тимирязевская линия,Открыта 31 декабря 1987 года. Архитекторы: Л.Н. Павлов и др. Пилоны отделаны белым мрамором и розовым гранитом. Названа в честь писателя А.П. Чехова.,Станция метро «Пушкинская»,Транспортный узел,Пересадка на Таганско-Краснопресненскую линию.,2,смотреть,средний
Чеховская,Серпуховско-Тимирязевская линия,Открыта 31 декабря 1987 года. Архитекторы: Л.Н. Павлов и др. Пилоны отделаны белым мрамором и розовым гранитом. Названа в честь писателя А.П. Чехова.,Театр «Ленком Марка Захарова»,Театр,Легендарный театр на Малой Дмитровке.,6,смотреть,средний
Боровицкая,Серпуховско-Тимирязевская линия,Открыта 23 января 1986 года. Архитекторы: Л.В. Лилье и др. Глубокое заложение — одна из самых глубоких станций (63 м). Пилоны отделаны красным гранитом и светлым мрамором. Названа по Боровицкой башне Кремля.,Российская государственная библиотека (Ленинка),Библиотека,Крупнейшая библиотека страны. Экскурсии в книгохранилище.,4,другое,средний
Боровицкая,Серпуховско-Тимирязевская линия,Открыта 23 января 1986 года. Архитекторы: Л.В. Лилье и др. Глубокое заложение — одна из самых глубоких станций (63 м). Пилоны отделаны красным гранитом и светлым мрамором. Названа по Боровицкой башне Кремля.,Александровский сад,Парк,Прогулка у стен Кремля. Могила Неизвестного Солдата.,5,гулять,бесплатно
Боровицкая,Серпуховско-Тимирязевская линия,Открыта 23 января 1986 года. Архитекторы: Л.В. Лилье и др. Глубокое заложение — одна из самых глубоких станций (63 м). Пилоны отделаны красным гранитом и светлым мрамором. Названа по Боровицкой башне Кремля.,Староволынский сквер,Парк,Уютный сквер у стен Кремля.,3,гулять,бесплатно
Боровицкая,Серпуховско-Тимирязевская линия,Открыта 23 января 1986 года. Архитекторы: Л.В. Лилье и др. Глубокое заложение — одна из самых глубоких станций (63 м). Пилоны отделаны красным гранитом и светлым мрамором. Названа по Боровицкой башне Кремля.,Станция метро «Боровицкая» (вход в Кремль),Транспортный узел,Ближайшая станция к Боровицким воротам Кремля.,2,смотреть,средний
Полянка,Серпуховско-Тимирязевская линия,Открыта 23 января 1986 года. Архитекторы: Л.Н. Павлов и др. Пилоны отделаны белым мрамором с чёрными вставками.,Третьяковская галерея (старое здание),Музей,Главный музей русского искусства. Иконы, передвижники.,смотреть,средний
Полянка,Серпуховско-Тимирязевская линия,Открыта 23 января 1986 года. Архитекторы: Л.Н. Павлов и др. Пилоны отделаны белым мрамором с чёрными вставками.,Улица Большая Полянка,Улица,Старинная улица Замоскворечья. Особняки, храмы,гулять,бесплатно
Полянка,Серпуховско-Тимирязевская линия,Открыта 23 января 1986 года. Архитекторы: Л.Н. Павлов и др. Пилоны отделаны белым мрамором с чёрными вставками.,Храм Григория Неокесарийского в Дербицах,Храм,Храм XVII века в стиле нарышкинское барокко.,5,смотреть,бесплатно
Серпуховская,Серпуховско-Тимирязевская линия,Открыта 8 ноября 1983 года. Архитекторы: Н.А. Алёшина и Л.Н. Павлов. Пилоны отделаны чёрным мрамором и белым известняком. Названа по исторической заставе и Серпуховской площади.,Парк «Серпуховский»,Парк,Зелёная зона с фонтаном.,4,гулять,бесплатно
Серпуховская,Серпуховско-Тимирязевская линия,Открыта 8 ноября 1983 года. Архитекторы: Н.А. Алёшина и Л.Н. Павлов. Пилоны отделаны чёрным мрамором и белым известняком. Названа по исторической заставе и Серпуховской площади.,ТЦ «Серпуховской»,ТЦ,Торговый центр с продуктовым.,3,смотреть,средний
Серпуховская,Серпуховско-Тимирязевская линия,Открыта 8 ноября 1983 года. Архитекторы: Н.А. Алёшина и Л.Н. Павлов. Пилоны отделаны чёрным мрамором и белым известняком. Названа по исторической заставе и Серпуховской площади.,Храм Воскресения Словущего на Даниловском кладбище,Храм,Красивый храм XVIII века.,10,смотреть,бесплатно
Тульская,Серпуховско-Тимирязевская линия,Открыта 8 ноября 1983 года. Архитекторы: Н.А. Алёшина и Л.Н. Павлов. Пилоны отделаны белым мрамором. Названа по Тульской площади.,Даниловский рынок,Рынок,Гастрономический рынок. Рестораны, фермерские продукты.,есть,средний
Тульская,Серпуховско-Тимирязевская линия,Открыта 8 ноября 1983 года. Архитекторы: Н.А. Алёшина и Л.Н. Павлов. Пилоны отделаны белым мрамором. Названа по Тульской площади.,Даниловский монастырь,Храм/Монастырь,Ставропигиальный мужской монастырь XIII века. Святыни.,8,другое,средний
Тульская,Серпуховско-Тимирязевская линия,Открыта 8 ноября 1983 года. Архитекторы: Н.А. Алёшина и Л.Н. Павлов. Пилоны отделаны белым мрамором. Названа по Тульской площади.,ТРЦ «Тульский»,ТЦ,Торговый центр с кинотеатром.,3,смотреть,средний
Нагатинская,Серпуховско-Тимирязевская линия,Открыта 8 ноября 1983 года. Архитекторы: В.А. Черемин и А.Л. Вигдоров. Пилоны отделаны белым мрамором и чёрным гранитом.,Парк имени 50-летия Октября (Нагатинская пойма),Парк,Лучший в городе скейт-парк, вейк-парк,гулять,бесплатно
Нагатинская,Серпуховско-Тимирязевская линия,Открыта 8 ноября 1983 года. Архитекторы: В.А. Черемин и А.Л. Вигдоров. Пилоны отделаны белым мрамором и чёрным гранитом.,Стадион «Водник»,Стадион,Стадион с хоккейной коробкой и футбольным полем.,8,смотреть,средний
Нагатинская,Серпуховско-Тимирязевская линия,Открыта 8 ноября 1983 года. Архитекторы: В.А. Черемин и А.Л. Вигдоров. Пилоны отделаны белым мрамором и чёрным гранитом.,ТЦ «Нагатинский»,ТЦ,Торговый центр с гипермаркетом.,4,смотреть,средний
Нагорная,Серпуховско-Тимирязевская линия,Открыта 8 ноября 1983 года. Архитекторы: В.А. Черемин и А.Л. Вигдоров. Пилоны отделаны белым мрамором. Названа по Нагорной улице.,Парк «Нагорный»,Парк,Зелёная зона с прогулочными дорожками.,5,гулять,бесплатно
Нагорная,Серпуховско-Тимирязевская линия,Открыта 8 ноября 1983 года. Архитекторы: В.А. Черемин и А.Л. Вигдоров. Пилоны отделаны белым мрамором. Названа по Нагорной улице.,ТРЦ «Нагорный»,ТЦ,Торговый центр с продуктовым.,3,смотреть,средний
Нагорная,Серпуховско-Тимирязевская линия,Открыта 8 ноября 1983 года. Архитекторы: В.А. Черемин и А.Л. Вигдоров. Пилоны отделаны белым мрамором. Названа по Нагорной улице.,Сквер на Нагорной,Парк,Ухоженное пространство.,2,гулять,бесплатно
Нахимовский проспект,Серпуховско-Тимирязевская линия,Открыта 8 ноября 1983 года. Архитекторы: В.А. Черемин и А.Л. Вигдоров. Пилоны отделаны белым мрамором. Названа в честь адмирала П.С. Нахимова.,Парк «Нахимовский»,Парк,Зелёная зона с фонтаном.,5,гулять,бесплатно
Нахимовский проспект,Серпуховско-Тимирязевская линия,Открыта 8 ноября 1983 года. Архитекторы: В.А. Черемин и А.Л. Вигдоров. Пилоны отделаны белым мрамором. Названа в честь адмирала П.С. Нахимова.,ТЦ «Нахимовский»,ТЦ,Торговый центр с кафе.,4,смотреть,средний
Нахимовский проспект,Серпуховско-Тимирязевская линия,Открыта 8 ноября 1983 года. Архитекторы: В.А. Черемин и А.Л. Вигдоров. Пилоны отделаны белым мрамором. Названа в честь адмирала П.С. Нахимова.,Памятник Нахимову,Памятник,Бронзовый адмирал на Нахимовском проспекте.,3,смотреть,бесплатно
Севастопольская,Серпуховско-Тимирязевская линия,Открыта 8 ноября 1983 года. Архитекторы: В.А. Черемин и А.Л. Вигдоров. Пилоны отделаны белым и чёрным мрамором. Названа в честь города-героя Севастополя. Пересадка на одноимённую станцию БКЛ.,Станция метро «Каховская» (БКЛ),Транспортный узел,Пересадка на Большую кольцевую линию.,2,смотреть,средний
Севастопольская,Серпуховско-Тимирязевская линия,Открыта 8 ноября 1983 года. Архитекторы: В.А. Черемин и А.Л. Вигдоров. Пилоны отделаны белым и чёрным мрамором. Названа в честь города-героя Севастополя. Пересадка на одноимённую станцию БКЛ.,Битцевский лес (Битцевский парк),Парк,Огромный лесопарк с экотропами.,10,гулять,бесплатно
Севастопольская,Серпуховско-Тимирязевская линия,Открыта 8 ноября 1983 года. Архитекторы: В.А. Черемин и А.Л. Вигдоров. Пилоны отделаны белым и чёрным мрамором. Названа в честь города-героя Севастополя. Пересадка на одноимённую станцию БКЛ.,Памятник героям Севастопольской обороны,Памятник,Мемориал в сквере.,5,смотреть,бесплатно
Чертановская,Серпуховско-Тимирязевская линия,Открыта 8 ноября 1983 года. Архитекторы: В.А. Черемин и А.Л. Вигдоров. Пилоны отделаны белым мрамором. Названа по району Чертаново.,Парк «Чертановская»,Парк,Зелёная зона с прудами.,5,гулять,бесплатно
Чертановская,Серпуховско-Тимирязевская линия,Открыта 8 ноября 1983 года. Архитекторы: В.А. Черемин и А.Л. Вигдоров. Пилоны отделаны белым мрамором. Названа по району Чертаново.,ТРЦ «Чертановский»,ТЦ,Крупный ТЦ с кинотеатром.,3,смотреть,средний
Чертановская,Серпуховско-Тимирязевская линия,Открыта 8 ноября 1983 года. Архитекторы: В.А. Черемин и А.Л. Вигдоров. Пилоны отделаны белым мрамором. Названа по району Чертаново.,Храм Державной иконы Божией Матери в Чертанове,Храм,Современный храм.,8,смотреть,бесплатно
Южная,Серпуховско-Тимирязевская линия,Открыта 8 ноября 1983 года. Архитекторы: В.А. Черемин и А.Л. Вигдоров. Пилоны отделаны белым мрамором. Названа по географической ориентировке (юг Москвы).,Парк «Южный»,Парк,Зелёная зона с прогулочными дорожками.,6,гулять,бесплатно
Южная,Серпуховско-Тимирязевская линия,Открыта 8 ноября 1983 года. Архитекторы: В.А. Черемин и А.Л. Вигдоров. Пилоны отделаны белым мрамором. Названа по географической ориентировке (юг Москвы).,ТЦ «Южный»,ТЦ,Торговый центр с гипермаркетом.,4,смотреть,средний
Южная,Серпуховско-Тимирязевская линия,Открыта 8 ноября 1983 года. Архитекторы: В.А. Черемин и А.Л. Вигдоров. Пилоны отделаны белым мрамором. Названа по географической ориентировке (юг Москвы).,Сквер на Южной,Парк,Ухоженное место.,2,гулять,бесплатно
Пражская,Серпуховско-Тимирязевская линия,Открыта 6 ноября 1985 года. Архитекторы: Л.Н. Павлов и И.Г. Петухова. Пилоны отделаны красным гранитом и светлым мрамором. Названа в честь столицы Чехословакии Праги. Пересадка на станцию «Пражская» МЦД-2.,Парк «Пражский»,Парк,Зелёная зона с фонтаном. Памятник чешским лётчикам.,5,гулять,бесплатно
Пражская,Серпуховско-Тимирязевская линия,Открыта 6 ноября 1985 года. Архитекторы: Л.Н. Павлов и И.Г. Петухова. Пилоны отделаны красным гранитом и светлым мрамором. Названа в честь столицы Чехословакии Праги. Пересадка на станцию «Пражская» МЦД-2.,ТЦ «Пражский»,ТЦ,Торговый центр с продуктовым.,3,смотреть,средний
Пражская,Серпуховско-Тимирязевская линия,Открыта 6 ноября 1985 года. Архитекторы: Л.Н. Павлов и И.Г. Петухова. Пилоны отделаны красным гранитом и светлым мрамором. Названа в честь столицы Чехословакии Праги. Пересадка на станцию «Пражская» МЦД-2.,Памятник героям-панфиловцам (у станции),Памятник,Скульптурная композиция.,2,смотреть,бесплатно
Улица Академика Янгеля,Серпуховско-Тимирязевская линия,Открыта 31 августа 2000 года. Архитекторы: Л.Н. Павлов и И.Г. Петухова. Колонная трёхсводчатая станция. Названа в честь конструктора ракетной техники М.К. Янгеля.,Парк «Академика Янгеля»,Парк,Зелёная зона с прогулочными дорожками.,6,гулять,бесплатно
Улица Академика Янгеля,Серпуховско-Тимирязевская линия,Открыта 31 августа 2000 года. Архитекторы: Л.Н. Павлов и И.Г. Петухова. Колонная трёхсводчатая станция. Названа в честь конструктора ракетной техники М.К. Янгеля.,ТРЦ «Янгель»,ТЦ,Крупный ТЦ с кинотеатром.,4,смотреть,средний
Улица Академика Янгеля,Серпуховско-Тимирязевская линия,Открыта 31 августа 2000 года. Архитекторы: Л.Н. Павлов и И.Г. Петухова. Колонная трёхсводчатая станция. Названа в честь конструктора ракетной техники М.К. Янгеля.,Памятник Янгелю,Памятник,Бронзовый академик на улице его имени.,3,смотреть,бесплатно
Аннино,Серпуховско-Тимирязевская линия,Открыта 12 декабря 2001 года. Архитекторы: Л.Н. Павлов и И.Г. Петухова. Названа по селу Аннино. Оформление в оранжевых тонах.,Парк «Аннино»,Парк,Зелёная зона с прудами.,5,гулять,бесплатно
Аннино,Серпуховско-Тимирязевская линия,Открыта 12 декабря 2001 года. Архитекторы: Л.Н. Павлов и И.Г. Петухова. Названа по селу Аннино. Оформление в оранжевых тонах.,ТРЦ «Аннино»,ТЦ,Торговый центр с гипермаркетом.,3,смотреть,средний
Аннино,Серпуховско-Тимирязевская линия,Открыта 12 декабря 2001 года. Архитекторы: Л.Н. Павлов и И.Г. Петухова. Названа по селу Аннино. Оформление в оранжевых тонах.,Сквер на Аннина,Парк,Прогулочная зона.,2,гулять,бесплатно
Бульвар Дмитрия Донского,Серпуховско-Тимирязевская линия,Открыта 26 декабря 2002 года. Архитекторы: Л.Л. Борзенков и А.Л. Вигдоров. Конечная станция. Названа по бульвару в честь князя Дмитрия Донского.,Парк «Бульвар Дмитрия Донского»,Парк,Зелёная зона с прогулочными дорожками.,4,гулять,бесплатно
Бульвар Дмитрия Донского,Серпуховско-Тимирязевская линия,Открыта 26 декабря 2002 года. Архитекторы: Л.Л. Борзенков и А.Л. Вигдоров. Конечная станция. Названа по бульвару в честь князя Дмитрия Донского.,ТЦ «Бульвар»,ТЦ,Торговый центр с продуктовым.,3,смотреть,средний
Бульвар Дмитрия Донского,Серпуховско-Тимирязевская линия,Открыта 26 декабря 2002 года. Архитекторы: Л.Л. Борзенков и А.Л. Вигдоров. Конечная станция. Названа по бульвару в честь князя Дмитрия Донского.,Памятник Дмитрию Донскому,Памятник,Бронзовый князь на бульваре.,2,смотреть,бесплатно
Новокосино,Калининско-Солнцевская линия,Открыта 30 августа 2012 года. Архитекторы: А.Некрасов и Г.Мун. Конечная станция на востоке. Оформление: стены из алюминиевых панелей с перфорацией.,ТРЦ «Новокосино»,ТЦ,Крупный торговый центр с гипермаркетом и кинотеатром у выхода из метро.,3,смотреть,средний
Новокосино,Калининско-Солнцевская линия,Открыта 30 августа 2012 года. Архитекторы: А.Некрасов и Г.Мун. Конечная станция на востоке. Оформление: стены из алюминиевых панелей с перфорацией.,Парк «Новокосино»,Парк,Зелёная зона с прогулочными дорожками и детскими площадками.,6,гулять,бесплатно
Новокосино,Калининско-Солнцевская линия,Открыта 30 августа 2012 года. Архитекторы: А.Некрасов и Г.Мун. Конечная станция на востоке. Оформление: стены из алюминиевых панелей с перфорацией.,Контактный зоопарк «Зверюшки как Игрушки»,Зоопарк,Небольшой контактный зоопарк для детей на Салтыковской улице.,10 [citation:1],смотреть,средний
Новогиреево,Калининско-Солнцевская линия,Открыта 30 декабря 1979 года. Архитекторы: В.Черемин и др. Пилоны отделаны белым мрамором. Первая станция на восточном радиусе Калининской линии.,Перво-Алексеевский сквер,Парк,Ухоженный сквер с фонтаном и памятником.,4,гулять,бесплатно
Новогиреево,Калининско-Солнцевская линия,Открыта 30 декабря 1979 года. Архитекторы: В.Черемин и др. Пилоны отделаны белым мрамором. Первая станция на восточном радиусе Калининской линии.,Лесопарк «Терлецкая Дубрава»,Парк,Лесопарк с дубовой рощей и экотропами. Отличное место для прогулок.,12 [citation:1],гулять,бесплатно
Новогиреево,Калининско-Солнцевская линия,Открыта 30 декабря 1979 года. Архитекторы: В.Черемин и др. Пилоны отделаны белым мрамором. Первая станция на восточном радиусе Калининской линии.,Салтыковский лесопарк,Парк,Лесопарк на границе Москвы и области.,15 [citation:1],гулять,бесплатно
Перово,Калининско-Солнцевская линия,Открыта 30 декабря 1979 года. Архитектор Н.Алёшина. Пилоны отделаны белым мрамором. Станция колонного типа.,Аквапарк «Карибия»,Аквапарк,Крупный аквапарк с горками и бассейнами.,8 [citation:1],смотреть,средний
Перово,Калининско-Солнцевская линия,Открыта 30 декабря 1979 года. Архитектор Н.Алёшина. Пилоны отделаны белым мрамором. Станция колонного типа.,Таганский парк (филиал парка «Перово»),Парк,Зелёная зона в районе Перово. Детские и спортивные площадки.,5,гулять,бесплатно
Перово,Калининско-Солнцевская линия,Открыта 30 декабря 1979 года. Архитектор Н.Алёшина. Пилоны отделаны белым мрамором. Станция колонного типа.,Ресторан «Да Пино»,Ресторан,Итальянский ресторан в ТЦ на Перовской улице.,4 [citation:1],есть,средний
Шоссе Энтузиастов,Калининско-Солнцевская линия,Открыта 30 декабря 1979 года. Архитекторы: Н.Алёшина и В.Черемин. Пересадка на одноимённую станцию МЦК. Пилоны отделаны белым мрамором.,Шоссе Энтузиастов (памятник «Прощание славянки»),Памятник,Монумент в честь воинов-автомобилистов. Рядом ТЦ.,5,смотреть,бесплатно
Шоссе Энтузиастов,Калининско-Солнцевская линия,Открыта 30 декабря 1979 года. Архитекторы: Н.Алёшина и В.Черемин. Пересадка на одноимённую станцию МЦК. Пилоны отделаны белым мрамором.,Станция метро «Шоссе Энтузиастов» (МЦК),Транспортный узел,Пересадка на Московское центральное кольцо.,2,смотреть,средний
Авиамоторная,Калининско-Солнцевская линия,Открыта 30 декабря 1979 года. Архитекторы: Н.Алёшина и В.Черемин. Пересадка на одноимённую станцию БКЛ. Названа по Авиамоторной улице.,Парк «Лефортово» (Лефортовский парк),Парк,Старейший парк Москвы — «Версаль на Яузе». Пруды, гроты.,гулять,бесплатно
Авиамоторная,Калининско-Солнцевская линия,Открыта 30 декабря 1979 года. Архитекторы: Н.Алёшина и В.Черемин. Пересадка на одноимённую станцию БКЛ. Названа по Авиамоторной улице.,Лефортовский дворец (Екатерининский дворец),Дворец/Музей,Дворец в стиле елизаветинского барокко. Кадетский корпус.,12,другое,средний
Авиамоторная,Калининско-Солнцевская линия,Открыта 30 декабря 1979 года. Архитекторы: Н.Алёшина и В.Черемин. Пересадка на одноимённую станцию БКЛ. Названа по Авиамоторной улице.,Станция метро «Авиамоторная» (БКЛ),Транспортный узел,Пересадка на Большую кольцевую линию.,2,смотреть,средний
Площадь Ильича,Калининско-Солнцевская линия,Открыта 30 декабря 1979 года. Архитекторы: В.Черемин и др. Пересадка на станцию «Римская» Люблинско-Дмитровской линии. Названа по площади Ильича.,Рогожская застава,Площадь,Историческая площадь. Памятник рабочим.,3,смотреть,бесплатно
Площадь Ильича,Калининско-Солнцевская линия,Открыта 30 декабря 1979 года. Архитекторы: В.Черемин и др. Пересадка на станцию «Римская» Люблинско-Дмитровской линии. Названа по площади Ильича.,Таганский парк (главный вход),Парк,Уютный парк с фонтаном и катком.,6,гулять,бесплатно
Площадь Ильича,Калининско-Солнцевская линия,Открыта 30 декабря 1979 года. Архитекторы: В.Черемин и др. Пересадка на станцию «Римская» Люблинско-Дмитровской линии. Названа по площади Ильича.,Кофейня «Ростик’с»,Кафе,Быстрое питание на площади.,4 [citation:1],есть,дёшево
Марксистская,Калининско-Солнцевская линия,Открыта 30 декабря 1979 года. Архитекторы: В.Черемин и др. Пересадка на станцию «Таганская» Кольцевой и Таганско-Краснопресненской линий. Пилоны из красного гранита.,Таганский парк,Парк,Популярный парк с аттракционами и фонтаном.,4 [citation:3],гулять,бесплатно
Марксистская,Калининско-Солнцевская линия,Открыта 30 декабря 1979 года. Архитекторы: В.Черемин и др. Пересадка на станцию «Таганская» Кольцевой и Таганско-Краснопресненской линий. Пилоны из красного гранита.,Театр на Таганке,Театр,Легендарный театр Владимира Высоцкого.,6,смотреть,средний
Марксистская,Калининско-Солнцевская линия,Открыта 30 декабря 1979 года. Архитекторы: В.Черемин и др. Пересадка на станцию «Таганская» Кольцевой и Таганско-Краснопресненской линий. Пилоны из красного гранита.,Ресторан «Колбасофф»,Ресторан,Пивной ресторан на Таганской улице.,5 [citation:1],есть,средний
Марксистская,Калининско-Солнцевская линия,Открыта 30 декабря 1979 года. Архитекторы: В.Черемин и др. Пересадка на станцию «Таганская» Кольцевой и Таганско-Краснопресненской линий. Пилоны из красного гранита.,Кафе «Жан-Жак»,Кафе,Уютное кафе на Верхней Радищевской.,7 [citation:2],есть,дёшево
Третьяковская,Калининско-Солнцевская линия,Открыта 25 января 1986 года. Архитекторы: А.Ф.Стрелков и другие. Участок глубокого заложения. Пересадка на станции «Новокузнецкая» Замоскворецкой линии и «Третьяковская» Калужско-Рижской линии. Названа по Третьяковской галерее.,Государственная Третьяковская галерея (старое здание),Музей,Главный музей русского искусства. Иконы, передвижники,смотреть,средний
Третьяковская,Калининско-Солнцевская линия,Открыта 25 января 1986 года. Архитекторы: А.Ф.Стрелков и другие. Участок глубокого заложения. Пересадка на станции «Новокузнецкая» Замоскворецкой линии и «Третьяковская» Калужско-Рижской линии. Названа по Третьяковской галерее.,Кадашёвская набережная,Набережная,Прогулка вдоль Водоотводного канала. Вид на Кремль.,6,гулять,бесплатно
Третьяковская,Калининско-Солнцевская линия,Открыта 25 января 1986 года. Архитекторы: А.Ф.Стрелков и другие. Участок глубокого заложения. Пересадка на станции «Новокузнецкая» Замоскворецкой линии и «Третьяковская» Калужско-Рижской линии. Названа по Третьяковской галерее.,Станция метро «Новокузнецкая»,Транспортный узел,Пересадка на Замоскворецкую линию.,3,смотреть,средний
Деловой центр,Калининско-Солнцевская линия,Открыта 31 января 2014 года. Архитекторы: Л.Борзенков и др. Находится на Шелепихинской набережной. Пересадка на станцию «Деловой центр» МЦК и МЦД-4.,Москва-Сити (башни),Панорама,Деловой центр Москвы. Небоскрёбы «Федерация», «Око»,смотреть,средний
Деловой центр,Калининско-Солнцевская линия,Открыта 31 января 2014 года. Архитекторы: Л.Борзенков и др. Находится на Шелепихинской набережной. Пересадка на станцию «Деловой центр» МЦК и МЦД-4.,Пешеходный мост Багратион,Мост,Торгово-пешеходный мост над Москвой-рекой.,6,смотреть,бесплатно
Деловой центр,Калининско-Солнцевская линия,Открыта 31 января 2014 года. Архитекторы: Л.Борзенков и др. Находится на Шелепихинской набережной. Пересадка на станцию «Деловой центр» МЦК и МЦД-4.,Станция метро «Деловой центр» (МЦК),Транспортный узел,Пересадка на Московское центральное кольцо.,2,смотреть,средний
Парк Победы,Калининско-Солнцевская линия,Открыта 6 мая 2003 года. Архитекторы: Н.Шумаков и др. Самая глубокая станция в Москве (84 м). Пересадка на одноимённую станцию Арбатско-Покровской линии (кросс-платформенная).,Парк Победы на Поклонной горе,Парк/Монумент,Мемориальный комплекс с музеем войны и фонтанами.,3,другое,средний
Парк Победы,Калининско-Солнцевская линия,Открыта 6 мая 2003 года. Архитекторы: Н.Шумаков и др. Самая глубокая станция в Москве (84 м). Пересадка на одноимённую станцию Арбатско-Покровской линии (кросс-платформенная).,Монумент Победы,Памятник,Обелиск высотой 141.8 метра.,5,смотреть,бесплатно
Парк Победы,Калининско-Солнцевская линия,Открыта 6 мая 2003 года. Архитекторы: Н.Шумаков и др. Самая глубокая станция в Москве (84 м). Пересадка на одноимённую станцию Арбатско-Покровской линии (кросс-платформенная).,Триумфальная арка,Памятник,Арка 1834 года в честь победы над Наполеоном.,10,смотреть,бесплатно
Минская,Калининско-Солнцевская линия,Открыта 16 марта 2017 года. Архитекторы: Л.Борзенков и др. Станция на территории бывшего завода «Каучук» (ныне жилой квартал). Оформление в стиле хай-тек: белый и серебристый, остекление.,Парк Победы (западный вход),Парк,Вход в парк со стороны Минской улицы.,другое,средний
Минская,Калининско-Солнцевская линия,Открыта 16 марта 2017 года. Архитекторы: Л.Борзенков и др. Станция на территории бывшего завода «Каучук» (ныне жилой квартал). Оформление в стиле хай-тек: белый и серебристый, остекление.,Жилой квартал «Лайнер» (архитектура),Достопримечательность,Необычный современный жилой комплекс у станции.,другое,средний
Ломоносовский проспект,Калининско-Солнцевская линия,Открыта 16 марта 2017 года. Архитекторы: Н.Шумаков и Г.Мун. Названа по Ломоносовскому проспекту.,Семейное кафе «Каникулы у мамы»,Кафе,Семейное кафе на Мичуринском проспекте.,5 [citation:1],есть,дёшево
Ломоносовский проспект,Калининско-Солнцевская линия,Открыта 16 марта 2017 года. Архитекторы: Н.Шумаков и Г.Мун. Названа по Ломоносовскому проспекту.,МГУ (главное здание, вид с проспекта),Высшее учебное заведение,Сталинская высотка МГУ хорошо видна с проспекта.,другое,средний
Ломоносовский проспект,Калининско-Солнцевская линия,Открыта 16 марта 2017 года. Архитекторы: Н.Шумаков и Г.Мун. Названа по Ломоносовскому проспекту.,Парк «Ломоносовский»,Парк,Небольшая зелёная зона вдоль проспекта.,4,гулять,бесплатно
Раменки,Калининско-Солнцевская линия,Открыта 16 марта 2017 года. Архитекторы: А.Орлов и А.Некрасов. Станция находится на месте бывшей деревни Раменки. Оформление: светлые тона, мрамор.,Парк «Раменки»,Парк,Зелёная зона с детскими площадками.,другое,средний
Раменки,Калининско-Солнцевская линия,Открыта 16 марта 2017 года. Архитекторы: А.Орлов и А.Некрасов. Станция находится на месте бывшей деревни Раменки. Оформление: светлые тона, мрамор.,Ландшафтный заказник «Долина реки Раменки»,Заказник,Природная зона с лесными массивами.,другое,средний
Мичуринский проспект,Калининско-Солнцевская линия,Открыта 30 августа 2018 года. Архитекторы: А.Некрасов и др. Пересадка на станцию «Мичуринский проспект» БКЛ. Оформление: золотые и зелёные тона под стеклом.,Парк «Событие»,Парк,Современный парк с фонтанами и прогулочной зоной.,6,гулять,бесплатно
Мичуринский проспект,Калининско-Солнцевская линия,Открыта 30 августа 2018 года. Архитекторы: А.Некрасов и др. Пересадка на станцию «Мичуринский проспект» БКЛ. Оформление: золотые и зелёные тона под стеклом.,Олимпийские пруды,Парк,Каскад прудов с ухоженными дорожками.,8,гулять,бесплатно
Мичуринский проспект,Калининско-Солнцевская линия,Открыта 30 августа 2018 года. Архитекторы: А.Некрасов и др. Пересадка на станцию «Мичуринский проспект» БКЛ. Оформление: золотые и зелёные тона под стеклом.,Водный стадион «Динамо» (в Олимпийской деревне),Спорткомплекс,Спортивный комплекс у прудов.,5,смотреть,средний
Озёрная,Калининско-Солнцевская линия,Открыта 30 августа 2018 года. Архитекторы: А.Некрасов и др. Названа по Озёрной улице. Мелкого заложения.,Парк «Озёрный»,Парк,Зелёная зона с прогулочными дорожками.,5,гулять,бесплатно
Озёрная,Калининско-Солнцевская линия,Открыта 30 августа 2018 года. Архитекторы: А.Некрасов и др. Названа по Озёрной улице. Мелкого заложения.,ТЦ «Озёрный»,ТЦ,Торговый центр с гипермаркетом.,3,смотреть,средний
Говорово,Калининско-Солнцевская линия,Открыта 30 августа 2018 года. Архитекторы: А.Некрасов и др. Названа по бывшей деревне Говорово. Первая станция за МКАД на этом участке.,Лесопарк «Говоровский»,Парк,Лесопарк за МКАД. Прогулки и спорт.,8,гулять,бесплатно
Говорово,Калининско-Солнцевская линия,Открыта 30 августа 2018 года. Архитекторы: А.Некрасов и др. Названа по бывшей деревне Говорово. Первая станция за МКАД на этом участке.,ТЦ «Говорово»,ТЦ,Торговый центр с продуктовым.,4,смотреть,средний
Солнцево,Калининско-Солнцевская линия,Открыта 30 августа 2018 года. Архитекторы: А.Некрасов и др. Названа по району Солнцево — это название закрепилось за посёлком из-за большого количества солнечных дней (по легенде).,Солнцевский парк,Парк,Большой парк с прудами и фонтанами — центр притяжения района.,5,гулять,бесплатно
Солнцево,Калининско-Солнцевская линия,Открыта 30 августа 2018 года. Архитекторы: А.Некрасов и др. Названа по району Солнцево — это название закрепилось за посёлком из-за большого количества солнечных дней (по легенде).,ТРЦ «Солнцево»,ТЦ,Крупный ТЦ с кинотеатром.,3,смотреть,средний
Боровское шоссе,Калининско-Солнцевская линия,Открыта 30 августа 2018 года. Архитекторы: А.Некрасов и др. Названа по Боровскому шоссе.,Боровское шоссе (благоустроенная зона),Улица,Широкая магистраль с пешеходной зоной и торговыми центрами.,3,гулять,бесплатно
Боровское шоссе,Калининско-Солнцевская линия,Открыта 30 августа 2018 года. Архитекторы: А.Некрасов и др. Названа по Боровскому шоссе.,ТЦ «Боровское»,ТЦ,Торговый центр с продуктовым и кафе.,2,смотреть,средний
Новопеределкино,Калининско-Солнцевская линия,Открыта 30 августа 2018 года. Архитекторы: А.Некрасов и др. Названа по району Новопеределкино. Стеклянный вестибюль.,Парк «Новопеределкино»,Парк,Зелёная зона с прогулочными дорожками.,5,гулять,бесплатно
Новопеределкино,Калининско-Солнцевская линия,Открыта 30 августа 2018 года. Архитекторы: А.Некрасов и др. Названа по району Новопеределкино. Стеклянный вестибюль.,Храм Иконы Божией Матери «Знамение» в Новопеределкине,Храм,Современный храм в спальном районе.,8,смотреть,бесплатно
Рассказовка,Калининско-Солнцевская линия,Открыта 30 августа 2018 года. Архитекторы: А.Некрасов и др. Названа по бывшей деревне Рассказовка. Станция — один из самых загруженных пунктов в Новой Москве.,Новая Москва (бизнес-парк «Rasskazovka»),Бизнес-парк,Современный деловой центр в Новой Москве.,6,другое,средний
Рассказовка,Калининско-Солнцевская линия,Открыта 30 августа 2018 года. Архитекторы: А.Некрасов и др. Названа по бывшей деревне Рассказовка. Станция — один из самых загруженных пунктов в Новой Москве.,Парк «Рассказовка»,Парк,Зелёная зона у станции.,4,гулять,бесплатно
Пыхтино,Калининско-Солнцевская линия,Открыта 30 августа 2018 года. Архитекторы: А.Некрасов и др. Названа по деревне Пыхтино. Станция расположена прямо у аэропорта «Внуково».,Аэропорт «Внуково»,Транспортный узел,Один из крупнейших аэропортов Москвы. Станция соединяет метро с аэроэкспрессом.,10,смотреть,средний
Пыхтино,Калининско-Солнцевская линия,Открыта 30 августа 2018 года. Архитекторы: А.Некрасов и др. Названа по деревне Пыхтино. Станция расположена прямо у аэропорта «Внуково».,Парк «Пыхтино»,Парк,Зелёная зона в Новой Москве.,6,гулять,бесплатно
Аэропорт Внуково,Калининско-Солнцевская линия,Открыта 6 сентября 2023 года. Архитекторы: А.Некрасов и др. Конечная станция. Первая в России станция метро, расположенная прямо в аэропорту. Переход в терминал А аэропорта «Внуково».,Аэропорт «Внуково» (терминалы А и В),Транспортный узел,Крупнейший аэропорт Москвы. Станция интегрирована в терминал.,другое,средний
Аэропорт Внуково,Калининско-Солнцевская линия,Открыта 6 сентября 2023 года. Архитекторы: А.Некрасов и др. Конечная станция. Первая в России станция метро, расположенная прямо в аэропорту. Переход в терминал А аэропорта «Внуково».,Памятник «Покорителям космоса» (у Внуково),Памятник,Монумент у входа в аэропорт.,другое,средний
Нижегородская,Некрасовская линия,Открыта 27 марта 2020 года. Архитекторы: А.Некрасов и др. Кросс-платформенная пересадка на одноимённую станцию БКЛ и МЦК. Крупнейший ТПУ Москвы. До 2023 года была транзитной станцией (поезда шли до «Электрозаводской»), после переподключения участка к БКЛ стала конечной.,ТПУ «Нижегородская» (пересадка на МЦК и МЦД-4),Транспортный узел,Крупнейший транспортно-пересадочный узел. Пересадка на Московское центральное кольцо и МЦД-4.,другое,средний
Нижегородская,Некрасовская линия,Открыта 27 марта 2020 года. Архитекторы: А.Некрасов и др. Кросс-платформенная пересадка на одноимённую станцию БКЛ и МЦК. Крупнейший ТПУ Москвы. До 2023 года была транзитной станцией (поезда шли до «Электрозаводской»), после переподключения участка к БКЛ стала конечной.,Парк «Кузьминки-Люблино»,Парк,Усадьба Голицыных. Пруды,другое,средний
Нижегородская,Некрасовская линия,Открыта 27 марта 2020 года. Архитекторы: А.Некрасов и др. Кросс-платформенная пересадка на одноимённую станцию БКЛ и МЦК. Крупнейший ТПУ Москвы. До 2023 года была транзитной станцией (поезда шли до «Электрозаводской»), после переподключения участка к БКЛ стала конечной.,Станция метро «Нижегородская» (БКЛ),Транспортный узел,Кросс-платформенная пересадка на Большую кольцевую линию.,другое,средний
Стахановская,Некрасовская линия,Открыта 27 марта 2020 года. Станция мелкого заложения с двумя боковыми платформами. Названа по Стахановской улице (в честь Алексея Стаханова — легендарного шахтёра, основоположника стахановского движения).,Рязанский проспект (благоустроенная зона),Улица,Широкая магистраль с пешеходными зонами и торговыми центрами.,другое,средний
Стахановская,Некрасовская линия,Открыта 27 марта 2020 года. Станция мелкого заложения с двумя боковыми платформами. Названа по Стахановской улице (в честь Алексея Стаханова — легендарного шахтёра, основоположника стахановского движения).,ТЦ «Стахановский»,ТЦ,Торговый центр с продуктовым гипермаркетом и кафе.,другое,средний
Стахановская,Некрасовская линия,Открыта 27 марта 2020 года. Станция мелкого заложения с двумя боковыми платформами. Названа по Стахановской улице (в честь Алексея Стаханова — легендарного шахтёра, основоположника стахановского движения).,Сквер на Стахановской улице,Парк,Небольшой ухоженный сквер с лавочками.,другое,средний
Окская,Некрасовская линия,Открыта 27 марта 2020 года. Станция мелкого заложения с двумя боковыми платформами. Названа по Окской улице (в честь реки Оки).,Парк «Окский»,Парк,Зелёная зона с прогулочными дорожками и детскими площадками.,5,гулять,бесплатно
Окская,Некрасовская линия,Открыта 27 марта 2020 года. Станция мелкого заложения с двумя боковыми платформами. Названа по Окской улице (в честь реки Оки).,ТРЦ «Окский»,ТЦ,Торговый центр с кинотеатром и фуд-кортом.,4,смотреть,средний
Окская,Некрасовская линия,Открыта 27 марта 2020 года. Станция мелкого заложения с двумя боковыми платформами. Названа по Окской улице (в честь реки Оки).,Сквер на Окской улице,Парк,Ухоженное общественное пространство.,3,гулять,бесплатно
Юго-Восточная,Некрасовская линия,Открыта 27 марта 2020 года. Станция мелкого заложения с двумя боковыми платформами. Названа по географическому расположению — юго-восток Москвы.,Таможенный парк,Парк,Зелёная зона с прогулочными дорожками и спортивными площадками.,6,гулять,бесплатно
Юго-Восточная,Некрасовская линия,Открыта 27 марта 2020 года. Станция мелкого заложения с двумя боковыми платформами. Названа по географическому расположению — юго-восток Москвы.,ТЦ «Юго-Восточный»,ТЦ,Торговый центр с гипермаркетом.,4,смотреть,средний
Юго-Восточная,Некрасовская линия,Открыта 27 марта 2020 года. Станция мелкого заложения с двумя боковыми платформами. Названа по географическому расположению — юго-восток Москвы.,Конно-спортивный комплекс «Измайлово» (отделение),Спорткомплекс,Конные прогулки и занятия верховой ездой (на автобусе).,15,смотреть,средний
Косино,Некрасовская линия,Открыта 3 июня 2019 года в составе первого пускового участка линии. Архитекторы: А.Некрасов и др. Пересадка на станцию «Лермонтовский проспект» Таганско-Краснопресненской линии (наземная пересадка). Названа по району Косино.,Станция метро «Лермонтовский проспект» (фиолетовая ветка),Транспортный узел,Наземная пересадка на Таганско-Краснопресненскую линию. Крытый переход.,3,смотреть,средний
Косино,Некрасовская линия,Открыта 3 июня 2019 года в составе первого пускового участка линии. Архитекторы: А.Некрасов и др. Пересадка на станцию «Лермонтовский проспект» Таганско-Краснопресненской линии (наземная пересадка). Названа по району Косино.,Свято-Успенский храм в Косино,Храм,Старинный храм XVII века на берегу Святого озера. Одно из самых почитаемых мест в округе.,10,смотреть,бесплатно
Косино,Некрасовская линия,Открыта 3 июня 2019 года в составе первого пускового участка линии. Архитекторы: А.Некрасов и др. Пересадка на станцию «Лермонтовский проспект» Таганско-Краснопресненской линии (наземная пересадка). Названа по району Косино.,Косинские озёра (Белое, Чёрное, Святое),Парк,другое,средний
Косино,Некрасовская линия,Открыта 3 июня 2019 года в составе первого пускового участка линии. Архитекторы: А.Некрасов и др. Пересадка на станцию «Лермонтовский проспект» Таганско-Краснопресненской линии (наземная пересадка). Названа по району Косино.,Платформа «Косино» (МЦД-3),Транспортный узел,Пересадка на МЦД-3 «Ленинградско-Казанский диаметр».,5,смотреть,средний
Улица Дмитриевского,Некрасовская линия,Открыта 3 июня 2019 года. Названа по улице Дмитриевского (в честь лётчика И.П. Дмитриевского). Это первая станция Московского метро, улица в названии которой указана полностью («улица Дмитриевского», а не «Дмитриевская»).,Парк «Дмитриевский»,Парк,другое,средний
Улица Дмитриевского,Некрасовская линия,Открыта 3 июня 2019 года. Названа по улице Дмитриевского (в честь лётчика И.П. Дмитриевского). Это первая станция Московского метро, улица в названии которой указана полностью («улица Дмитриевского», а не «Дмитриевская»).,ТРЦ «Дмитриевский»,ТЦ,другое,средний
Улица Дмитриевского,Некрасовская линия,Открыта 3 июня 2019 года. Названа по улице Дмитриевского (в честь лётчика И.П. Дмитриевского). Это первая станция Московского метро, улица в названии которой указана полностью («улица Дмитриевского», а не «Дмитриевская»).,Сквер на улице Дмитриевского,Парк,другое,средний
Лухмановская,Некрасовская линия,Открыта 3 июня 2019 года. Названа по Лухмановской улице (в честь горного инженера Н.И. Лухманова). Станция расположена в сельской местности — с одной стороны многоэтажные монстры, с другой — типичные деревенские дома.,Лухмановский пруд,Парк,Пруд с прогулочной зоной,другое,средний
Лухмановская,Некрасовская линия,Открыта 3 июня 2019 года. Названа по Лухмановской улице (в честь горного инженера Н.И. Лухманова). Станция расположена в сельской местности — с одной стороны многоэтажные монстры, с другой — типичные деревенские дома.,ТЦ «Лухмановский»,ТЦ,Торговый центр с продуктовым и кафе.,другое,средний
Лухмановская,Некрасовская линия,Открыта 3 июня 2019 года. Названа по Лухмановской улице (в честь горного инженера Н.И. Лухманова). Станция расположена в сельской местности — с одной стороны многоэтажные монстры, с другой — типичные деревенские дома.,Деревня Лухманово (историческая застройка),Достопримечательность,Остатки деревенской застройки прямо у выхода из метро. Контраст с многоэтажными новостройками.,другое,средний
Некрасовка,Некрасовская линия,Открыта 3 июня 2019 года. Архитекторы: А.Некрасов и др. Конечная станция, самая восточная в Московском метрополитене. Названа по району Некрасовка (от посёлка при Люберецкой станции аэрации, названного в свою очередь по фамилии купца-чаеторговца Егора Ивановича Некрасова — владельца этих земель). «Лунная ночь» — лейтмотив интерьера станции: колонны напоминают лунный камень, путевые стены — рубиново-красные.,Парк «Некрасовка»,другое,средний
Некрасовка,Некрасовская линия,Открыта 3 июня 2019 года. Архитекторы: А.Некрасов и др. Конечная станция, самая восточная в Московском метрополитене. Названа по району Некрасовка (от посёлка при Люберецкой станции аэрации, названного в свою очередь по фамилии купца-чаеторговца Егора Ивановича Некрасова — владельца этих земель). «Лунная ночь» — лейтмотив интерьера станции: колонны напоминают лунный камень, путевые стены — рубиново-красные.,Люберецкая станция аэрации (ЛСА),другое,средний
Некрасовка,Некрасовская линия,Открыта 3 июня 2019 года. Архитекторы: А.Некрасов и др. Конечная станция, самая восточная в Московском метрополитене. Названа по району Некрасовка (от посёлка при Люберецкой станции аэрации, названного в свою очередь по фамилии купца-чаеторговца Егора Ивановича Некрасова — владельца этих земель). «Лунная ночь» — лейтмотив интерьера станции: колонны напоминают лунный камень, путевые стены — рубиново-красные.,ТРЦ «Некрасовка»,другое,средний
Некрасовка,Некрасовская линия,Открыта 3 июня 2019 года. Архитекторы: А.Некрасов и др. Конечная станция, самая восточная в Московском метрополитене. Названа по району Некрасовка (от посёлка при Люберецкой станции аэрации, названного в свою очередь по фамилии купца-чаеторговца Егора Ивановича Некрасова — владельца этих земель). «Лунная ночь» — лейтмотив интерьера станции: колонны напоминают лунный камень, путевые стены — рубиново-красные.,Люберецкие поля орошения (исторические),другое,средний
Кунцевская,Филёвская линия,Открыта 31 августа 1965 года. Архитекторы: Р.И. Погребной и В.А. Черемин. Единственная станция в Москве с тремя путями для регулярной перевозки пассажиров и единственная станция с одной платформой для движения поездов в обоих направлениях. Пересадка на станции «Кунцевская» Арбатско-Покровской линии и БКЛ.,Можайский парк,Парк,Зелёная зона у станции. Прогулочные дорожки и спортивные площадки.,6,гулять,бесплатно
Кунцевская,Филёвская линия,Открыта 31 августа 1965 года. Архитекторы: Р.И. Погребной и В.А. Черемин. Единственная станция в Москве с тремя путями для регулярной перевозки пассажиров и единственная станция с одной платформой для движения поездов в обоих направлениях. Пересадка на станции «Кунцевская» Арбатско-Покровской линии и БКЛ.,Парк «Кунцево»,Парк,Ухоженный парк с прогулочными зонами.,4,гулять,бесплатно
Кунцевская,Филёвская линия,Открыта 31 августа 1965 года. Архитекторы: Р.И. Погребной и В.А. Черемин. Единственная станция в Москве с тремя путями для регулярной перевозки пассажиров и единственная станция с одной платформой для движения поездов в обоих направлениях. Пересадка на станции «Кунцевская» Арбатско-Покровской линии и БКЛ.,ТРЦ «Кунцево Плаза»,ТЦ,Крупный торговый центр с кинотеатром.,3,смотреть,средний
Пионерская,Филёвская линия,Открыта 13 октября 1961 года. Архитекторы: Р.И. Погребной и В.А. Черемин. Название могло быть дано от бывшей деревни Пионерской. Оформление в строгом стиле эпохи хрущёвской «оттепели».,Парк «Фили»,Парк,Большая зелёная зона у станции.,4,гулять,бесплатно
Пионерская,Филёвская линия,Открыта 13 октября 1961 года. Архитекторы: Р.И. Погребной и В.А. Черемин. Название могло быть дано от бывшей деревни Пионерской. Оформление в строгом стиле эпохи хрущёвской «оттепели».,Знаменская церковь в Крылатском (видна со станции),Храм,Старинный храм, видный из окон электропоездов.,смотреть,бесплатно
Пионерская,Филёвская линия,Открыта 13 октября 1961 года. Архитекторы: Р.И. Погребной и В.А. Черемин. Название могло быть дано от бывшей деревни Пионерской. Оформление в строгом стиле эпохи хрущёвской «оттепели».,Детский парк «Фили»,Парк,Детские площадки и прогулочная зона.,5,гулять,бесплатно
Филёвский парк,Филёвская линия,Открыта 13 октября 1961 года. Архитекторы: Р.И. Погребной и В.А. Черемин. Названа по парку «Фили» (первоначально — «Филёвский парк культуры и отдыха»). Станция находится под Минской улицей. Проектные названия — «5-е кольцо», «Кастанаево», «Кастанаевская».,Парк «Фили»,Парк,другое,средний
Филёвский парк,Филёвская линия,Открыта 13 октября 1961 года. Архитекторы: Р.И. Погребной и В.А. Черемин. Названа по парку «Фили» (первоначально — «Филёвский парк культуры и отдыха»). Станция находится под Минской улицей. Проектные названия — «5-е кольцо», «Кастанаево», «Кастанаевская».,Усадьба Нарышкиных «Фили»,Усадьба,другое,средний
Филёвский парк,Филёвская линия,Открыта 13 октября 1961 года. Архитекторы: Р.И. Погребной и В.А. Черемин. Названа по парку «Фили» (первоначально — «Филёвский парк культуры и отдыха»). Станция находится под Минской улицей. Проектные названия — «5-е кольцо», «Кастанаево», «Кастанаевская».,Филёвская набережная,Набережная,другое,средний
Багратионовская,Филёвская линия,Открыта 13 октября 1961 года. Названа в честь князя, полководца и героя Отечественной войны 1812 года П.И. Багратиона. Изначально называлась «Багратионовская», в честь знаменитого полководца. Расположена вблизи легендарной «Горбушки».,Фольклорный центр «Москва»,Культура,другое,средний
Багратионовская,Филёвская линия,Открыта 13 октября 1961 года. Названа в честь князя, полководца и героя Отечественной войны 1812 года П.И. Багратиона. Изначально называлась «Багратионовская», в честь знаменитого полководца. Расположена вблизи легендарной «Горбушки».,Церковь Покрова в Филях,Храм,другое,средний
Багратионовская,Филёвская линия,Открыта 13 октября 1961 года. Названа в честь князя, полководца и героя Отечественной войны 1812 года П.И. Багратиона. Изначально называлась «Багратионовская», в честь знаменитого полководца. Расположена вблизи легендарной «Горбушки».,ТРЦ «Горбушкин двор» («Горбушка»),ТЦ,другое,средний
Багратионовская,Филёвская линия,Открыта 13 октября 1961 года. Названа в честь князя, полководца и героя Отечественной войны 1812 года П.И. Багратиона. Изначально называлась «Багратионовская», в честь знаменитого полководца. Расположена вблизи легендарной «Горбушки».,Детский парк «Фили»,Парк,другое,средний
Фили,Филёвская линия,Открыта 7 ноября 1959 года. Типовая наземная крытая станция. Архитекторы: Ю.П. Зенкевич и другие. В 1812 году на месте современной станции в избе крестьянина Фролова состоялся знаменитый Военный совет в Филях, решивший судьбу Москвы. Здесь снимали последние кадры фильма «Опасный возраст».,Парк «Фили»,Парк,Крупный парк с аллеями и спортивными площадками.,другое,средний
Фили,Филёвская линия,Открыта 7 ноября 1959 года. Типовая наземная крытая станция. Архитекторы: Ю.П. Зенкевич и другие. В 1812 году на месте современной станции в избе крестьянина Фролова состоялся знаменитый Военный совет в Филях, решивший судьбу Москвы. Здесь снимали последние кадры фильма «Опасный возраст».,ТРЦ «Филион»,ТЦ,Крупный ТЦ с кинотеатром и ресторанами.,другое,средний
Фили,Филёвская линия,Открыта 7 ноября 1959 года. Типовая наземная крытая станция. Архитекторы: Ю.П. Зенкевич и другие. В 1812 году на месте современной станции в избе крестьянина Фролова состоялся знаменитый Военный совет в Филях, решивший судьбу Москвы. Здесь снимали последние кадры фильма «Опасный возраст».,Музей-панорама «Бородинская битва» (в 2 км),Музей,Грандиозное полотно битвы 1812 года. Основные моменты Военного совета в Филях.,другое,средний
Кутузовская,Филёвская линия,Открыта 7 ноября 1958 года. Архитекторы: Р.И. Погребной и другие. Названа по Кутузовскому проспекту. Оформлена панно, посвящёнными Отечественной войне 1812 года: портреты полководцев и сцены сражений. Пересадка на станцию «Кутузовская» МЦК и МЦД-4.,Музей-панорама «Бородинская битва»,Музей,Главный музей Отечественной войны 1812 года. Панорама,другое,средний
Кутузовская,Филёвская линия,Открыта 7 ноября 1958 года. Архитекторы: Р.И. Погребной и другие. Названа по Кутузовскому проспекту. Оформлена панно, посвящёнными Отечественной войне 1812 года: портреты полководцев и сцены сражений. Пересадка на станцию «Кутузовская» МЦК и МЦД-4.,Парк Победы на Поклонной горе,Парк,Крупнейший мемориальный комплекс. Монумент Победы,другое,средний
Кутузовская,Филёвская линия,Открыта 7 ноября 1958 года. Архитекторы: Р.И. Погребной и другие. Названа по Кутузовскому проспекту. Оформлена панно, посвящёнными Отечественной войне 1812 года: портреты полководцев и сцены сражений. Пересадка на станцию «Кутузовская» МЦК и МЦД-4.,Станция метро «Кутузовская» (МЦК),Транспортный узел,Пересадка на Московское центральное кольцо.,другое,средний
Студенческая,Филёвская линия,Открыта 7 ноября 1958 года. Типовая хрущёвская станция, которая при открытии была похожа на автобусную остановку. Проектирование велось в эпоху экономии средств. В 1950-е годы строилась как экспериментальная наземная линия. Снялась в фильме «Я иду шагать по Москве» Георгия Данелия.,Московский государственный технический университет им. Баумана (МГТУ им. Баумана),Учебное заведение,Легендарный технический вуз. Корпуса и кампусы университета.,другое,средний
Студенческая,Филёвская линия,Открыта 7 ноября 1958 года. Типовая хрущёвская станция, которая при открытии была похожа на автобусную остановку. Проектирование велось в эпоху экономии средств. В 1950-е годы строилась как экспериментальная наземная линия. Снялась в фильме «Я иду шагать по Москве» Георгия Данелия.,Кампус МГТУ им. Баумана (общежития и корпуса),Учебное заведение,Студенческий городок одного из главных вузов страны.,другое,средний
Студенческая,Филёвская линия,Открыта 7 ноября 1958 года. Типовая хрущёвская станция, которая при открытии была похожа на автобусную остановку. Проектирование велось в эпоху экономии средств. В 1950-е годы строилась как экспериментальная наземная линия. Снялась в фильме «Я иду шагать по Москве» Георгия Данелия.,Парк «Березовая роща»,Парк,Зелёная зона рядом с университетом.,другое,средний
Киевская,Филёвская линия,Открыта 20 марта 1937 года в составе второго участка первой очереди метро от «Смоленской». Архитекторы: Д.Н. Чечулин и другие. Станция глубокого заложения. Оформление в стиле сталинского ампира. Пересадка на станции «Киевская» Арбатско-Покровской и Кольцевой линий.,Киевский вокзал,Транспортный узел,Один из крупнейших вокзалов Москвы. Аэроэкспресс в аэропорт «Внуково».,2,смотреть,средний
Киевская,Филёвская линия,Открыта 20 марта 1937 года в составе второго участка первой очереди метро от «Смоленской». Архитекторы: Д.Н. Чечулин и другие. Станция глубокого заложения. Оформление в стиле сталинского ампира. Пересадка на станции «Киевская» Арбатско-Покровской и Кольцевой линий.,Площадь Европы,Достопримечательность,Одна из крупнейших площадей Москвы. Фонтан «Похищение Европы».,4,смотреть,средний
Киевская,Филёвская линия,Открыта 20 марта 1937 года в составе второго участка первой очереди метро от «Смоленской». Архитекторы: Д.Н. Чечулин и другие. Станция глубокого заложения. Оформление в стиле сталинского ампира. Пересадка на станции «Киевская» Арбатско-Покровской и Кольцевой линий.,ТРЦ «Европейский»,ТЦ,Крупный ТЦ с магазинами, ресторанами и кинотеатром.,смотреть,средний
Смоленская,Филёвская линия,Открыта 20 марта 1937 года. Архитекторы: С.Г. Андреевский и Т.Н. Макарычев. Пилоны отделаны мрамором и гранитом. Названа по Смоленской площади. Станция глубокого заложения. Пересадка на станцию «Смоленская» Арбатско-Покровской линии.,Арбат (Старый и Новый),Улица,Знаменитая пешеходная улица. Музыканты, театры,гулять,бесплатно
Смоленская,Филёвская линия,Открыта 20 марта 1937 года. Архитекторы: С.Г. Андреевский и Т.Н. Макарычев. Пилоны отделаны мрамором и гранитом. Названа по Смоленской площади. Станция глубокого заложения. Пересадка на станцию «Смоленская» Арбатско-Покровской линии.,Министерство иностранных дел (МИД) — сталинская высотка,Достопримечательность,Одна из семи сталинских высоток. Видна со станции.,5,смотреть,средний
Смоленская,Филёвская линия,Открыта 20 марта 1937 года. Архитекторы: С.Г. Андреевский и Т.Н. Макарычев. Пилоны отделаны мрамором и гранитом. Названа по Смоленской площади. Станция глубокого заложения. Пересадка на станцию «Смоленская» Арбатско-Покровской линии.,Театр имени Вахтангова,Театр,Знаменитый театр на Арбате.,8,смотреть,средний
Арбатская,Филёвская линия,Открыта 5 апреля 1953 года в составе нового глубокого участка, заменившего старый мелкий. Архитекторы: Л.М. Поляков и другие. Одна из самых длинных станций московского метро. Пересадка на станцию «Арбатская» Арбатско-Покровской линии.,Арбат (Старый),Улица,Главная пешеходная улица Москвы. Уличные музыканты,другое,средний
Арбатская,Филёвская линия,Открыта 5 апреля 1953 года в составе нового глубокого участка, заменившего старый мелкий. Архитекторы: Л.М. Поляков и другие. Одна из самых длинных станций московского метро. Пересадка на станцию «Арбатская» Арбатско-Покровской линии.,Театр имени Вахтангова,Театр,Легендарный театр. Памятник Евгению Вахтангову.,другое,средний
Арбатская,Филёвская линия,Открыта 5 апреля 1953 года в составе нового глубокого участка, заменившего старый мелкий. Архитекторы: Л.М. Поляков и другие. Одна из самых длинных станций московского метро. Пересадка на станцию «Арбатская» Арбатско-Покровской линии.,Памятник Булату Окуджаве,Памятник,Бронзовый поэт на Старом Арбате.,другое,средний
Арбатская,Филёвская линия,Открыта 5 апреля 1953 года в составе нового глубокого участка, заменившего старый мелкий. Архитекторы: Л.М. Поляков и другие. Одна из самых длинных станций московского метро. Пересадка на станцию «Арбатская» Арбатско-Покровской линии.,Кафе «Прага»,Кафе,Историческое кафе на Арбате. Чешская кухня.,другое,средний
Александровский сад,Филёвская линия,Открыта 15 мая 1935 года в составе первой очереди московского метро. Самая старая станция Филёвской линии. Названия: «Улица Коминтерна» (1935–1946), «Калининская» (1946–1990), «Воздвиженка» (1990), затем современное. Единственная станция в Москве с радиусом кривизны платформы 750 метров — машинист не видит последних вагонов.,Александровский сад,другое,средний
Александровский сад,Филёвская линия,Открыта 15 мая 1935 года в составе первой очереди московского метро. Самая старая станция Филёвской линии. Названия: «Улица Коминтерна» (1935–1946), «Калининская» (1946–1990), «Воздвиженка» (1990), затем современное. Единственная станция в Москве с радиусом кривизны платформы 750 метров — машинист не видит последних вагонов.,Кремль (Боровицкие ворота и Оружейная башня),другое,средний
Александровский сад,Филёвская линия,Открыта 15 мая 1935 года в составе первой очереди московского метро. Самая старая станция Филёвской линии. Названия: «Улица Коминтерна» (1935–1946), «Калининская» (1946–1990), «Воздвиженка» (1990), затем современное. Единственная станция в Москве с радиусом кривизны платформы 750 метров — машинист не видит последних вагонов.,Манежная площадь,другое,средний
Александровский сад,Филёвская линия,Открыта 15 мая 1935 года в составе первой очереди московского метро. Самая старая станция Филёвской линии. Названия: «Улица Коминтерна» (1935–1946), «Калининская» (1946–1990), «Воздвиженка» (1990), затем современное. Единственная станция в Москве с радиусом кривизны платформы 750 метров — машинист не видит последних вагонов.,Российская государственная библиотека (Ленинка),другое,средний
Выставочная,Филёвская линия,Открыта 10 сентября 2005 года. Архитекторы: А. Орлов и А. Некрасов. Станция названа по выставочному центру «Экспоцентр». Это самая молодая станция Филёвской линии.,Экспоцентр (ЦВК «Экспоцентр»),Выставочный центр,Крупнейший выставочный комплекс России. Выставки, конгрессы,другое,средний
Выставочная,Филёвская линия,Открыта 10 сентября 2005 года. Архитекторы: А. Орлов и А. Некрасов. Станция названа по выставочному центру «Экспоцентр». Это самая молодая станция Филёвской линии.,Москва-Сити (вид с набережной),Панорама,Небоскрёбы делового центра «Москва-Сити».,5,смотреть,средний
Выставочная,Филёвская линия,Открыта 10 сентября 2005 года. Архитекторы: А. Орлов и А. Некрасов. Станция названа по выставочному центру «Экспоцентр». Это самая молодая станция Филёвской линии.,Краснопресненская набережная,Набережная,Прогулка вдоль Москвы-реки. Вид на гостиницу «Украина» (сталинская высотка).,6,гулять,бесплатно
Выставочная,Филёвская линия,Открыта 10 сентября 2005 года. Архитекторы: А. Орлов и А. Некрасов. Станция названа по выставочному центру «Экспоцентр». Это самая молодая станция Филёвской линии.,Станция метро «Деловой центр» (МЦК и МЦД-4),Транспортный узел,Пересадка на Московское центральное кольцо и МЦД-4.,10,смотреть,средний
Международная,Филёвская линия,Открыта 30 августа 2006 года. Архитекторы: А. Орлов и А. Некрасов. Находится в деловом центре «Москва-Сити». Конечная станция на западном радиусе. Единственная станция Московского метро, где (по состоянию на момент открытия) были установлены платформенные раздвижные двери (как в метро Санкт-Петербурга).,Москва-Сити (башни),Панорама,Деловой центр Москвы. Небоскрёбы «Федерация»,другое,средний
Международная,Филёвская линия,Открыта 30 августа 2006 года. Архитекторы: А. Орлов и А. Некрасов. Находится в деловом центре «Москва-Сити». Конечная станция на западном радиусе. Единственная станция Московского метро, где (по состоянию на момент открытия) были установлены платформенные раздвижные двери (как в метро Санкт-Петербурга).,ТРЦ «Афимолл Сити»,ТЦ,Огромный торговый центр в башне «Федерация».,другое,средний
Международная,Филёвская линия,Открыта 30 августа 2006 года. Архитекторы: А. Орлов и А. Некрасов. Находится в деловом центре «Москва-Сити». Конечная станция на западном радиусе. Единственная станция Московского метро, где (по состоянию на момент открытия) были установлены платформенные раздвижные двери (как в метро Санкт-Петербурга).,Пешеходный мост Багратион,Мост,Торгово-пешеходный мост над Москвой-рекой.,другое,средний
ЗИЛ,Троицкая линия,Открыта в сентябре 2025 года[citation:1][citation:5]. Находится на месте бывшей промзоны «ЗИЛ» — отсюда и название. Оформление посвящено заводу имени Лихачёва: название станции выполнено в виде его эмблемы, на стенах — изображения автомобилей разных лет выпуска и портреты выдающихся конструкторов[citation:2][citation:3]. Пересадка на одноимённую станцию МЦК.,Тюфелева роща,Парк,Современный ландшафтный парк на территории бывшего завода ЗИЛ. Место для прогулок с видом на Москву-реку.,другое,средний
ЗИЛ,Троицкая линия,Открыта в сентябре 2025 года[citation:1][citation:5]. Находится на месте бывшей промзоны «ЗИЛ» — отсюда и название. Оформление посвящено заводу имени Лихачёва: название станции выполнено в виде его эмблемы, на стенах — изображения автомобилей разных лет выпуска и портреты выдающихся конструкторов[citation:2][citation:3]. Пересадка на одноимённую станцию МЦК.,Набережная Марка Шагала,Набережная,Пешеходная набережная в жилом квартале «ЗИЛАРТ». Современная архитектура и вид на Москву-реку.,другое,средний
ЗИЛ,Троицкая линия,Открыта в сентябре 2025 года[citation:1][citation:5]. Находится на месте бывшей промзоны «ЗИЛ» — отсюда и название. Оформление посвящено заводу имени Лихачёва: название станции выполнено в виде его эмблемы, на стенах — изображения автомобилей разных лет выпуска и портреты выдающихся конструкторов[citation:2][citation:3]. Пересадка на одноимённую станцию МЦК.,Парк «Тюфелева роща» (спортивная зона),Парк,Футбольные поля,другое,средний
Крымская,Троицкая линия,Открыта в сентябре 2025 года[citation:5]. Оформление — в морской тематике: светильники на стенах напоминают иллюминаторы корабля, над эскалаторами — изображения парящих чаек. Подвесные потолки напоминают паруса, а колонны — крылья птиц[citation:2][citation:3]. Пересадка на одноимённую станцию МЦК.,ТРЦ «Рио»,ТЦ,другое,средний
Крымская,Троицкая линия,Открыта в сентябре 2025 года[citation:5]. Оформление — в морской тематике: светильники на стенах напоминают иллюминаторы корабля, над эскалаторами — изображения парящих чаек. Подвесные потолки напоминают паруса, а колонны — крылья птиц[citation:2][citation:3]. Пересадка на одноимённую станцию МЦК.,Севастопольский проспект (благоустроенная зона),Улица,другое,средний
Академическая,Троицкая линия,Открыта в сентябре 2025 года[citation:1][citation:5]. Переход на одноимённую станцию Калужско-Рижской линии. Оформление посвятили Российской академии наук: гигантское панно во всю стену изображает учёных и академиков (Королёв, Вернадский, Семёнов и другие), а также само здание РАН[citation:2][citation:3]. Порталы в форме буквы «П» с подсветкой.,Дарвиновский музей,другое,средний
Академическая,Троицкая линия,Открыта в сентябре 2025 года[citation:1][citation:5]. Переход на одноимённую станцию Калужско-Рижской линии. Оформление посвятили Российской академии наук: гигантское панно во всю стену изображает учёных и академиков (Королёв, Вернадский, Семёнов и другие), а также само здание РАН[citation:2][citation:3]. Порталы в форме буквы «П» с подсветкой.,Академический парк (с фигурами динозавров),другое,средний
Академическая,Троицкая линия,Открыта в сентябре 2025 года[citation:1][citation:5]. Переход на одноимённую станцию Калужско-Рижской линии. Оформление посвятили Российской академии наук: гигантское панно во всю стену изображает учёных и академиков (Королёв, Вернадский, Семёнов и другие), а также само здание РАН[citation:2][citation:3]. Порталы в форме буквы «П» с подсветкой.,Площадь Хо Ши Мина,другое,средний
Вавиловская,Троицкая линия,Открыта в сентябре 2025 года[citation:5]. Названа в честь улицы Новаторов — хотя официальное название «Вавиловская» (в честь физика Сергея Вавилова). Оформление отсылает к исследованиям учёного в области люминесценции: почти три тысячи точечных светильников символизируют световые частицы, на стенах перехода — графика, посвящённая волновой теории света[citation:2].,Большой Московский государственный цирк (на проспекте Вернадского),Цирк,другое,средний
Вавиловская,Троицкая линия,Открыта в сентябре 2025 года[citation:5]. Названа в честь улицы Новаторов — хотя официальное название «Вавиловская» (в честь физика Сергея Вавилова). Оформление отсылает к исследованиям учёного в области люминесценции: почти три тысячи точечных светильников символизируют световые частицы, на стенах перехода — графика, посвящённая волновой теории света[citation:2].,Московский дворец молодёжи (МДМ),Культура,другое,средний
Вавиловская,Троицкая линия,Открыта в сентябре 2025 года[citation:5]. Названа в честь улицы Новаторов — хотя официальное название «Вавиловская» (в честь физика Сергея Вавилова). Оформление отсылает к исследованиям учёного в области люминесценции: почти три тысячи точечных светильников символизируют световые частицы, на стенах перехода — графика, посвящённая волновой теории света[citation:2].,Сквер на улице Вавилова,Парк,другое,средний
Новаторская,Троицкая линия,Открыта 7 сентября 2024 года[citation:1][citation:4]. Пересадка на станцию «Новаторская» Большой кольцевой линии. Оформление: бело-чёрно-оранжевое (колонны из светлого гранита, цоколь — чёрный габбро, вставки апельсинового цвета) — перекликается с дизайном одноимённой станции БКЛ[citation:2][citation:4].,Воронцовский парк (усадьба Воронцово),Парк/Усадьба,другое,средний
Новаторская,Троицкая линия,Открыта 7 сентября 2024 года[citation:1][citation:4]. Пересадка на станцию «Новаторская» Большой кольцевой линии. Оформление: бело-чёрно-оранжевое (колонны из светлого гранита, цоколь — чёрный габбро, вставки апельсинового цвета) — перекликается с дизайном одноимённой станции БКЛ[citation:2][citation:4].,Киноклуб-музей «Эльдар»,Культура,другое,средний
Новаторская,Троицкая линия,Открыта 7 сентября 2024 года[citation:1][citation:4]. Пересадка на станцию «Новаторская» Большой кольцевой линии. Оформление: бело-чёрно-оранжевое (колонны из светлого гранита, цоколь — чёрный габбро, вставки апельсинового цвета) — перекликается с дизайном одноимённой станции БКЛ[citation:2][citation:4].,Офис «НОВАТЭК» (архитектура Сергея Чобана),Достопримечательность,другое,средний
Университет Дружбы Народов,Троицкая линия,Открыта 7 сентября 2024 года[citation:1][citation:4]. Станция выполнена в голубо-зелёной гамме с цветными кессонами в потолке. На стенах — мозаичные панно с силуэтами городов мира, символизирующие международное сотрудничество[citation:2][citation:8].,Российский университет дружбы народов (РУДН),Учебное заведение,Кампус университета — настоящий студенческий городок. Парк,другое,средний
Университет Дружбы Народов,Троицкая линия,Открыта 7 сентября 2024 года[citation:1][citation:4]. Станция выполнена в голубо-зелёной гамме с цветными кессонами в потолке. На стенах — мозаичные панно с силуэтами городов мира, символизирующие международное сотрудничество[citation:2][citation:8].,Ландшафтный заказник «Лес на реке Самородинке»,Заказник,Уникальная природная зона с подснежниками и ландышами весной. Можно встретить редких птиц.,другое,средний
Университет Дружбы Народов,Троицкая линия,Открыта 7 сентября 2024 года[citation:1][citation:4]. Станция выполнена в голубо-зелёной гамме с цветными кессонами в потолке. На стенах — мозаичные панно с силуэтами городов мира, символизирующие международное сотрудничество[citation:2][citation:8].,Кампусные кафе (индийская и арабская кухня),Кафе,Аутентичные недорогие кафе в кампусе РУДН: индийское Devi,другое,средний
Университет Дружбы Народов,Троицкая линия,Открыта 7 сентября 2024 года[citation:1][citation:4]. Станция выполнена в голубо-зелёной гамме с цветными кессонами в потолке. На стенах — мозаичные панно с силуэтами городов мира, символизирующие международное сотрудничество[citation:2][citation:8].,Институт биоорганической химии РАН (здание-ДНК),Достопримечательность,Знаменитое здание в виде двойной спирали ДНК. Шедевр советского модернизма.,другое,средний
Генерала Тюленева,Троицкая линия,Открыта 7 сентября 2024 года[citation:1][citation:4]. Названа в честь генерала Ивана Тюленева — Героя Советского Союза. Цветовая гамма — как у Георгиевской ленты: чёрные колонны и оранжевый искусственный камень на стенах[citation:2][citation:4].,Академия акварели и изящных искусств Сергея Андрияки,Музей/Учебное заведение,Не только учебное заведение, но и музей с регулярными выставками работ Андрияки и его учеников.,другое,средний
Генерала Тюленева,Троицкая линия,Открыта 7 сентября 2024 года[citation:1][citation:4]. Названа в честь генерала Ивана Тюленева — Героя Советского Союза. Цветовая гамма — как у Георгиевской ленты: чёрные колонны и оранжевый искусственный камень на стенах[citation:2][citation:4].,Природный заказник «Теплый Стан»,Заказник,Охраняемая природная территория с Тёплым Станом (источником). Экотропы и лесные массивы.,8,гулять,бесплатно
Генерала Тюленева,Троицкая линия,Открыта 7 сентября 2024 года[citation:1][citation:4]. Названа в честь генерала Ивана Тюленева — Героя Советского Союза. Цветовая гамма — как у Георгиевской ленты: чёрные колонны и оранжевый искусственный камень на стенах[citation:2][citation:4].,Галерея «Беляево» (Выставочный зал Варги),Галерея,Выставочный зал современного искусства в районе Беляево.,10,другое,средний
Тютчевская,Троицкая линия,Открыта 7 сентября 2024 года[citation:1][citation:4]. Название получила в честь несохранившейся усадьбы Троицкое, совладельцем которой был Фёдор Тютчев. На стенах платформы можно прочитать строки из стихотворений поэта. Стиль — экспрессионизм: контраст стекла, металла и природного камня[citation:2][citation:4].,Троицкий лесопарк,Парк,другое,средний
Тютчевская,Троицкая линия,Открыта 7 сентября 2024 года[citation:1][citation:4]. Название получила в честь несохранившейся усадьбы Троицкое, совладельцем которой был Фёдор Тютчев. На стенах платформы можно прочитать строки из стихотворений поэта. Стиль — экспрессионизм: контраст стекла, металла и природного камня[citation:2][citation:4].,Посёлок Мосрентген (исторический военный городок),Достопримечательность,другое,средний
Тютчевская,Троицкая линия,Открыта 7 сентября 2024 года[citation:1][citation:4]. Название получила в честь несохранившейся усадьбы Троицкое, совладельцем которой был Фёдор Тютчев. На стенах платформы можно прочитать строки из стихотворений поэта. Стиль — экспрессионизм: контраст стекла, металла и природного камня[citation:2][citation:4].,Троицкая церковь (сохранившаяся часть усадьбы),Храм,другое,средний
Корниловская,Троицкая линия,Открыта в декабре 2024 года[citation:1]. Названа по посёлку Корнилово (бывшая дачная местность). Станция находится в ТиНАО.,Корниловский пруд,Парк,Большой пруд с прогулочной зоной. Рыбалка и отдых на природе.,6,гулять,бесплатно
Корниловская,Троицкая линия,Открыта в декабре 2024 года[citation:1]. Названа по посёлку Корнилово (бывшая дачная местность). Станция находится в ТиНАО.,Парк «Корниловский»,Парк,Зелёная зона с детскими и спортивными площадками.,4,гулять,бесплатно
Коммунарка,Троицкая линия,Открыта в декабре 2024 года[citation:1]. Пока конечная станция на южном участке. Названа по административному центру Новой Москвы.,Администрация ТиНАО (поселение Коммунарка),Достопримечательность,Современное административное здание — центр Новой Москвы.,5,смотреть,средний
Коммунарка,Троицкая линия,Открыта в декабре 2024 года[citation:1]. Пока конечная станция на южном участке. Названа по административному центру Новой Москвы.,Парк «Коммунарка»,Парк,Большой парк в ТиНАО с прогулочными зонами.,3,гулять,бесплатно
Новомосковская,Троицкая линия,Открыта в декабре 2024 года[citation:1]. Пересадка на станцию «Новомосковская» Сокольнической линии (одноимённая пересадка — две станции разных линий рядом).,ТПУ «Новомосковская» (пересадка на Сокольническую линию),Транспортный узел,Пересадка на красную линию метро. Наземный переход.,2,смотреть,средний
